{"train/loss": 0.24251673817634584, "train/ce_loss": 0.029002952575683593, "train/seg_cls_loss": 0.0009782791137695312, "train/kl_loss": 0.00329437255859375, "train/mask_bce_loss": 0.026229320745915174, "train/mask_dice_loss": 0.07947545647621154, "train/mask_loss": 0.105704777687788, "metrics/total_secs_per_batch": 48.201080560684204, "metrics/data_secs_per_batch": 20.9193772315979, "_timestamp": 1741871397.938616, "_runtime": 18316.130378961563, "_step": 371, "train/lr": 0.0002963012048192771, "_wandb": {"runtime": 18335}}