{"train/loss": 1.376422679424286, "train/ce_loss": 0.3396484375, "train/seg_cls_loss": 0.109912109375, "train/kl_loss": 0.0, "train/mask_bce_loss": 0.04402367603033781, "train/mask_dice_loss": 0.0910469114780426, "train/mask_loss": 0.13507059141993522, "metrics/total_secs_per_batch": 22.8548846244812, "metrics/data_secs_per_batch": 10.84400291442871, "_timestamp": 1745994484.204075, "_runtime": 428.08915519714355, "_step": 0}