{"train/loss": 0.4271118015050888, "train/ce_loss": 0.05308837890625, "train/seg_cls_loss": 9.73232090473175e-08, "train/kl_loss": 0.0, "train/mask_bce_loss": 0.01941228858195245, "train/mask_dice_loss": 0.05587013736367226, "train/mask_loss": 0.07528242729604244, "metrics/total_secs_per_batch": 28.960577487945557, "metrics/data_secs_per_batch": 11.742124104499817, "_timestamp": 1746231819.0740268, "_runtime": 318832.7402627468, "_step": 12499, "train/lr": 0.0, "_wandb": {"runtime": 318876}}