{"train/loss": 0.5279420524835586, "train/ce_loss": 0.02020263671875, "train/seg_cls_loss": 1.055002212524414e-05, "train/kl_loss": 0.0, "train/mask_bce_loss": 0.010203965124674141, "train/mask_dice_loss": 0.06091612987220287, "train/mask_loss": 0.07112009562551976, "metrics/total_secs_per_batch": 23.90916633605957, "metrics/data_secs_per_batch": 10.40100257396698, "_timestamp": 1746667749.098734, "_runtime": 11212.183318853378, "_step": 499, "train/lr": 1.0547368421052633e-05, "_wandb": {"runtime": 11215}}