{"train/loss": 0.06782506108283996, "train/ce_loss": 0.04444580078125, "train/seg_cls_loss": 0.00018634796142578126, "train/kl_loss": 0.009405517578125, "train/mask_bce_loss": 0.004095235222484917, "train/mask_dice_loss": 0.028390273824334143, "train/mask_loss": 0.03248550854623318, "metrics/total_secs_per_batch": 8.88145923614502, "metrics/data_secs_per_batch": 4.2445796251297, "_timestamp": 1741438249.8224018, "_runtime": 191004.48211073875, "_step": 499, "train/lr": 0.0, "_wandb": {"runtime": 191064}}