{"train/loss": 0.2669796012341976, "train/ce_loss": 0.034273700416088106, "train/seg_cls_loss": 3.855532213492552e-08, "train/kl_loss": 0.0, "train/mask_bce_loss": 0.013615561835467815, "train/mask_dice_loss": 0.03424743665382266, "train/mask_loss": 0.047862999327480796, "metrics/total_secs_per_batch": 90.09648895263672, "metrics/data_secs_per_batch": 34.93649470806122, "_timestamp": 1744140410.8529613, "_runtime": 67260.35650920868, "_step": 2001, "train/lr": 0.00012922891566265058, "_wandb": {"runtime": 67309}}