{"train/loss": 0.6790313482284546, "train/ce_loss": 0.0179931640625, "train/seg_cls_loss": 1.9459985196590423e-07, "train/kl_loss": 0.0, "train/mask_bce_loss": 0.011584931705147027, "train/mask_dice_loss": 0.07973292842507362, "train/mask_loss": 0.09131785854697227, "metrics/total_secs_per_batch": 20.12813377380371, "metrics/data_secs_per_batch": 9.267933535575867, "_timestamp": 1746624938.290095, "_runtime": 10344.283092021942, "_step": 499, "train/lr": 1.0547368421052633e-05, "_wandb": {"runtime": 10345}}