{"train/loss": 0.5103548303246498, "train/ce_loss": 0.19775390625, "train/seg_cls_loss": 0.067138671875, "train/kl_loss": 0.009307861328125, "train/mask_bce_loss": 0.024538549967110156, "train/mask_dice_loss": 0.05515341684222221, "train/mask_loss": 0.0796919658780098, "metrics/total_secs_per_batch": 11.109377145767212, "metrics/data_secs_per_batch": 5.532943606376648, "_timestamp": 1741146736.9672234, "_runtime": 1320.4473934173584, "_step": 121, "train/lr": 1.9974297188755022e-05}