{"train/loss": 2.3561531960964204, "train/ce_loss": 0.2451416015625, "train/seg_cls_loss": 0.01280517578125, "train/kl_loss": 0.1194580078125, "train/mask_bce_loss": 0.1509535290300846, "train/mask_dice_loss": 0.42087964341044426, "train/mask_loss": 0.5718331784009933, "metrics/total_secs_per_batch": 7.98300313949585, "metrics/data_secs_per_batch": 3.7232279062271116, "_timestamp": 1741135677.7752516, "_runtime": 150878.268065691, "_step": 499, "train/lr": 0.0, "_wandb": {"runtime": 152375}}