{"train/loss": 1.0100908815860747, "train/ce_loss": 0.25458984375, "train/seg_cls_loss": 0.1166015625, "train/kl_loss": 0.009521484375, "train/mask_bce_loss": 0.2543032022891566, "train/mask_dice_loss": 0.09191409572958946, "train/mask_loss": 0.34621730223298075, "metrics/total_secs_per_batch": 26.695168256759644, "metrics/data_secs_per_batch": 12.954492115974427, "_timestamp": 1741493588.9671123, "_runtime": 305.8993282318115, "_step": 5, "train/lr": 1.1999999999999999e-05}