{"train/loss": 0.08232235573232174, "train/ce_loss": 1.4912337064743042e-06, "train/seg_cls_loss": 8.724318468011915e-06, "train/kl_loss": 0.0, "train/mask_bce_loss": 0.009457639616448433, "train/mask_dice_loss": 0.010564691107720136, "train/mask_loss": 0.020022330852225424, "metrics/total_secs_per_batch": 50.8082811832428, "metrics/data_secs_per_batch": 23.423667788505554, "_timestamp": 1745292410.5945601, "_runtime": 685930.6725690365, "_step": 14386, "train/lr": 0.00011090361445783131, "_wandb": {"runtime": 685946}}