{"train/loss": NaN, "train/ce_loss": 0.2169921875, "train/seg_cls_loss": 0.102294921875, "train/kl_loss": 0.0, "train/mask_bce_loss": NaN, "train/mask_dice_loss": NaN, "train/mask_loss": NaN, "metrics/total_secs_per_batch": 26.279231071472168, "metrics/data_secs_per_batch": 11.705245423316956, "_timestamp": 1742704727.7657552, "_runtime": 5687.257541179657, "_step": 206, "train/lr": 1.991566265060241e-05}