{"train/loss": 1.1022666215896606, "train/ce_loss": 0.22685546875, "train/seg_cls_loss": 0.041455078125, "train/kl_loss": 0.0, "train/mask_bce_loss": 0.03889064881950617, "train/mask_dice_loss": 0.08933019563555718, "train/mask_loss": 0.12822084203362466, "metrics/total_secs_per_batch": 54.337998151779175, "metrics/data_secs_per_batch": 23.678994679450987, "_timestamp": 1753512683.221595, "_runtime": 1493.8829431533813, "_step": 21, "train/lr": 6.599999999999999e-05}