{"train/loss": 0.22461842373013496, "train/ce_loss": 0.029283022880554198, "train/seg_cls_loss": 3.844456841761712e-09, "train/kl_loss": 0.0, "train/mask_bce_loss": 0.009623114857822657, "train/mask_dice_loss": 0.02935798279941082, "train/mask_loss": 0.03898109793663025, "metrics/total_secs_per_batch": 30.226484060287476, "metrics/data_secs_per_batch": 13.316912746429443, "_timestamp": 1745396728.7641284, "_runtime": 535906.6588594913, "_step": 19633, "train/lr": 4.1493975903614454e-05}