{"train/loss": 3.4951895475387573, "train/ce_loss": 0.5513671875, "train/seg_cls_loss": 0.429296875, "train/kl_loss": 0.128955078125, "train/mask_bce_loss": 0.13872464150190353, "train/mask_dice_loss": 0.5808022320270538, "train/mask_loss": 0.719526880979538, "metrics/total_secs_per_batch": 9.234296321868896, "metrics/data_secs_per_batch": 4.563144302368164, "_timestamp": 1741144929.3777802, "_runtime": 2042.564355134964, "_step": 199, "train/lr": 1.9760642570281127e-05, "_wandb": {"runtime": 2047}}