{"train/loss": 0.8142436385154724, "train/ce_loss": 0.1921875, "train/seg_cls_loss": 0.082666015625, "train/kl_loss": 8.267164230346679e-06, "train/mask_bce_loss": 0.04149244884029031, "train/mask_dice_loss": 0.09351780414581298, "train/mask_loss": 0.1350102536380291, "metrics/total_secs_per_batch": 57.993459939956665, "metrics/data_secs_per_batch": 25.32100808620453, "_timestamp": 1741843850.953892, "_runtime": 3178.1801109313965, "_step": 53, "train/lr": 1.14e-05, "_wandb": {"runtime": 3193}}