{"train/loss": 0.27398650012910364, "train/ce_loss": 0.0461669921875, "train/seg_cls_loss": 0.005548286437988281, "train/kl_loss": 0.0, "train/mask_bce_loss": 0.027476985729299484, "train/mask_dice_loss": 0.020213538478128613, "train/mask_loss": 0.047690524137578905, "metrics/total_secs_per_batch": 22.024723291397095, "metrics/data_secs_per_batch": 10.0562664270401, "_timestamp": 1755743642.2072177, "_runtime": 12560.09940958023, "_step": 499, "train/lr": 0.00015066666666666665, "_wandb": {"runtime": 12564}}