{"train/loss": 0.30455627739429475, "train/ce_loss": 0.0398681640625, "train/seg_cls_loss": 8.8568776845932e-08, "train/kl_loss": 0.0, "train/mask_bce_loss": 0.013197967503219842, "train/mask_dice_loss": 0.03971861749887466, "train/mask_loss": 0.05291658416390419, "metrics/total_secs_per_batch": 44.17732119560242, "metrics/data_secs_per_batch": 19.764908957481385, "_timestamp": 1745881227.2301626, "_runtime": 484253.01683473587, "_step": 12499, "train/lr": 0.0, "_wandb": {"runtime": 484307}}