{"train/loss": 0.3291491955518723, "train/ce_loss": 0.030904006958007813, "train/seg_cls_loss": 0.0003233909606933594, "train/kl_loss": 0.0, "train/mask_bce_loss": 0.015497103764209897, "train/mask_dice_loss": 0.0666552197188139, "train/mask_loss": 0.08215232342481613, "metrics/total_secs_per_batch": 79.68014478683472, "metrics/data_secs_per_batch": 36.722126197814944, "_timestamp": 1743459721.1552098, "_runtime": 55026.901186704636, "_step": 663, "train/lr": 0.0002924457831325301, "_wandb": {"runtime": 55110}}