{"train/loss": 1.1278390179500029, "train/ce_loss": 0.23613279774170012, "train/seg_cls_loss": 0.034393308397293224, "train/kl_loss": 0.0, "train/mask_bce_loss": 0.03906957262948655, "train/mask_dice_loss": 0.0931070150357615, "train/mask_loss": 0.13217658170478394, "metrics/total_secs_per_batch": 46.67481545404773, "metrics/data_secs_per_batch": 21.14730693122935, "_timestamp": 1754376347.904626, "_runtime": 1362.9590389728546, "_step": 21, "train/lr": 6.599999999999999e-05}