{"train/loss": 1.3764052510261535, "train/ce_loss": 0.33984375, "train/seg_cls_loss": 0.10986328125, "train/kl_loss": 0.0, "train/mask_bce_loss": 0.04391936641186476, "train/mask_dice_loss": 0.09107081145048142, "train/mask_loss": 0.1349901758134365, "metrics/total_secs_per_batch": 20.915597677230835, "metrics/data_secs_per_batch": 10.991547346115112, "_timestamp": 1745997111.7335525, "_runtime": 451.61214542388916, "_step": 0, "_wandb": {"runtime": 947}}