{"train/loss": 0.467324797809124, "train/ce_loss": 0.0427734375, "train/seg_cls_loss": 1.8996652215719222e-07, "train/kl_loss": 0.0, "train/mask_bce_loss": 0.014353087544441223, "train/mask_dice_loss": 0.04948003794997931, "train/mask_loss": 0.06383312456309795, "metrics/total_secs_per_batch": 39.90746808052063, "metrics/data_secs_per_batch": 17.45280885696411, "_timestamp": 1747024736.9749207, "_runtime": 208577.49071764946, "_step": 5367, "train/lr": 0.0001598709677419355, "val/giou": 0.4109652638435364, "val/ciou": 0.40581014752388, "val/b_acc": 0.004999999750000012, "val/i_acc": 0.5110103610394742, "val/o_acc": 0.9996512507961105, "_wandb": {"runtime": 208612}}