{"train/loss": 0.4967988818883896, "train/ce_loss": 0.26728515625, "train/seg_cls_loss": 0.10732421875, "train/kl_loss": 0.01654052734375, "train/mask_bce_loss": 0.06653886842541397, "train/mask_dice_loss": 0.08275477141141892, "train/mask_loss": 0.14929364025592803, "metrics/total_secs_per_batch": 23.838021278381348, "metrics/data_secs_per_batch": 10.630831980705262, "_timestamp": 1741421877.484499, "_runtime": 405.2802360057831, "_step": 9, "train/lr": 2.6999999999999996e-05, "_wandb": {"runtime": 430}}