{"train/loss": 1.431697714328766, "train/ce_loss": 0.3568359375, "train/seg_cls_loss": 0.1205078125, "train/kl_loss": 0.0, "train/mask_bce_loss": 0.05491648763418198, "train/mask_dice_loss": 0.09058465212583541, "train/mask_loss": 0.14550113901495934, "metrics/total_secs_per_batch": 19.153239488601685, "metrics/data_secs_per_batch": 8.242342257499695, "_timestamp": 1745993773.4003234, "_runtime": 456.15379643440247, "_step": 1, "_wandb": {"runtime": 460}, "train/lr": 0.0}