{"train/loss": 0.40869044959545137, "train/ce_loss": 0.195703125, "train/seg_cls_loss": 0.0032196044921875, "train/kl_loss": 1.3023614883422852e-05, "train/mask_bce_loss": 0.03274383414536715, "train/mask_dice_loss": 0.07296857386827468, "train/mask_loss": 0.10571240857243538, "metrics/total_secs_per_batch": 27.528743505477905, "metrics/data_secs_per_batch": 11.576820898056031, "_timestamp": 1741806908.4533572, "_runtime": 4975.479894161224, "_step": 172, "train/lr": 1.9929317269076308e-05, "_wandb": {"runtime": 5006}}