{"global_step": 15, "loss_lang": 2.453125, "segm_loss_loss_ce": 15.737598419189453, "segm_loss_loss_bbox": 1.2952418327331543, "segm_loss_loss_giou": 2.2694904804229736, "segm_loss_loss_mask": 0.36183249950408936, "segm_loss_loss_dice": 6.154770374298096, "segm_loss_loss_ce_0": 15.810541152954102, "segm_loss_loss_bbox_0": 1.4075210094451904, "segm_loss_loss_giou_0": 2.730093240737915, "segm_loss_loss_boxiou_0": 1.3450696468353271, "segm_loss_loss_mask_0": 0.39135539531707764, "segm_loss_loss_dice_0": 6.789052963256836, "segm_loss_loss_ce_1": 15.861766815185547, "segm_loss_loss_bbox_1": 1.2993617057800293, "segm_loss_loss_giou_1": 2.387939453125, "segm_loss_loss_boxiou_1": 1.3788580894470215, "segm_loss_loss_mask_1": 0.2665572762489319, "segm_loss_loss_dice_1": 6.638847351074219, "segm_loss_loss_ce_2": 16.41170883178711, "segm_loss_loss_bbox_2": 1.2745153903961182, "segm_loss_loss_giou_2": 2.277137517929077, "segm_loss_loss_boxiou_2": 1.501064419746399, "segm_loss_loss_mask_2": 0.34366634488105774, "segm_loss_loss_dice_2": 5.363565444946289, "segm_loss_loss_ce_3": 15.72524642944336, "segm_loss_loss_bbox_3": 1.2995142936706543, "segm_loss_loss_giou_3": 2.2940587997436523, "segm_loss_loss_boxiou_3": 1.3867719173431396, "segm_loss_loss_mask_3": 0.3287431001663208, "segm_loss_loss_dice_3": 6.258267402648926, "segm_loss_loss_ce_4": 15.542418479919434, "segm_loss_loss_bbox_4": 1.2961573600769043, "segm_loss_loss_giou_4": 2.2729930877685547, "segm_loss_loss_boxiou_4": 1.4245017766952515, "segm_loss_loss_mask_4": 0.3401666283607483, "segm_loss_loss_dice_4": 5.8830671310424805, "segm_loss_loss_bbox_dn": 0.0, "segm_loss_loss_giou_dn": 0.0, "segm_loss_loss_class_dn": 0.0, "segm_loss_loss_bbox_dn_0": 0.0, "segm_loss_loss_giou_dn_0": 0.0, "segm_loss_loss_class_dn_0": 0.0, "segm_loss_loss_bbox_dn_1": 0.0, "segm_loss_loss_giou_dn_1": 0.0, "segm_loss_loss_class_dn_1": 0.0, "segm_loss_loss_bbox_dn_2": 0.0, "segm_loss_loss_giou_dn_2": 0.0, "segm_loss_loss_class_dn_2": 0.0, "segm_loss_loss_bbox_dn_3": 0.0, "segm_loss_loss_giou_dn_3": 0.0, "segm_loss_loss_class_dn_3": 0.0, "segm_loss_loss_bbox_dn_4": 0.0, "segm_loss_loss_giou_dn_4": 0.0, "segm_loss_loss_class_dn_4": 0.0, "segm_loss_loss_ce_enc": 3.129938840866089, "segm_loss_loss_bbox_enc": 0.22800013422966003, "segm_loss_loss_giou_enc": 1.0670121908187866, "segm_loss_total_loss": 167.77456665039062, "segm_loss_iou_train": 0.2715025246143341, "_timestamp": 1761032497.792253, "_runtime": 214.30431699752808, "_step": 63, "train/loss": 196.125, "train/grad_norm": 672.1178588867188, "train/learning_rate": 1.5384615384615387e-06, "train/epoch": 0.004632693580410324, "train/global_step": 15}