{"train/loss": 0.35288370251655576, "train/ce_loss": 0.303515625, "train/seg_cls_loss": 0.106005859375, "train/kl_loss": 0.0, "train/mask_bce_loss": 0.024723098333925008, "train/mask_dice_loss": 0.09513752982020378, "train/mask_loss": 0.11986062899231911, "metrics/total_secs_per_batch": 11.80409288406372, "metrics/data_secs_per_batch": 5.342301702499389, "_timestamp": 1743393616.3041046, "_runtime": 495.35798168182373, "_step": 6, "train/lr": 1.4999999999999999e-05, "_wandb": {"runtime": 505}}