{"train/loss": 1.058629083633423, "train/ce_loss": 0.581640625, "train/seg_cls_loss": 0.0111572265625, "train/kl_loss": 0.162890625, "train/mask_bce_loss": 0.043304062075912954, "train/mask_dice_loss": 0.6073231518268585, "train/mask_loss": 0.650627213716507, "metrics/total_secs_per_batch": 8.014950275421143, "metrics/data_secs_per_batch": 2.6883440256118774, "_timestamp": 1740827381.566719, "_runtime": 10953.828254938126, "_step": 499, "train/lr": 0.00021434693877551018, "_wandb": {"runtime": 11583}}