{"train/loss": 1.7077988147735597, "train/ce_loss": 0.159375, "train/seg_cls_loss": 0.4302734375, "train/kl_loss": 0.0, "train/mask_bce_loss": 0.13788474947214127, "train/mask_dice_loss": 0.06867155656218529, "train/mask_loss": 0.20655631124973298, "metrics/total_secs_per_batch": 29.07658839225769, "metrics/data_secs_per_batch": 13.687720465660096, "_timestamp": 1745411270.164486, "_runtime": 15024.513653039932, "_step": 999, "train/lr": 0.0, "_wandb": {"runtime": 15234}}