{"train/loss": 1.0805750608444213, "train/ce_loss": 0.64619140625, "train/seg_cls_loss": 0.0069580078125, "train/kl_loss": 0.028076171875, "train/mask_bce_loss": 0.02246496733278036, "train/mask_dice_loss": 0.2735357403755188, "train/mask_loss": 0.2960007071495056, "metrics/total_secs_per_batch": 7.267686605453491, "metrics/data_secs_per_batch": 3.197393274307251, "_timestamp": 1740976034.7631392, "_runtime": 3887.9498472213745, "_step": 499, "train/lr": 0.00024502040816326527, "_wandb": {"runtime": 3888}}