{"train/loss": 0.10142663605511189, "train/ce_loss": 0.00026638805866241455, "train/seg_cls_loss": 6.480203410319518e-06, "train/kl_loss": 0.0, "train/mask_bce_loss": 0.008221023133955896, "train/mask_dice_loss": 0.010588137712329627, "train/mask_loss": 0.01880916077643633, "metrics/total_secs_per_batch": 41.19704866409302, "metrics/data_secs_per_batch": 18.795331597328186, "_timestamp": 1744708495.8848982, "_runtime": 190261.42117214203, "_step": 3998, "train/lr": 0.00024832530120481926}