{"train/loss": 0.1495877806097269, "train/ce_loss": 0.006892554461956024, "train/seg_cls_loss": 2.6499578962102532e-05, "train/kl_loss": 0.02852783203125, "train/mask_bce_loss": 0.005821171507705003, "train/mask_dice_loss": 0.021833926904946566, "train/mask_loss": 0.027655098028481005, "metrics/total_secs_per_batch": 57.31079435348511, "metrics/data_secs_per_batch": 27.31918214559555, "_timestamp": 1743302417.0075116, "_runtime": 968754.9941146374, "_step": 16873, "train/lr": 0.0002949036144578313}