{"train/loss": 0.7217544198036194, "train/ce_loss": 0.21767578125, "train/seg_cls_loss": 0.112353515625, "train/kl_loss": 7.429718971252442e-06, "train/mask_bce_loss": 0.04960978105664253, "train/mask_dice_loss": 0.09017368033528328, "train/mask_loss": 0.13978346139192582, "metrics/total_secs_per_batch": 47.49121689796448, "metrics/data_secs_per_batch": 20.458292293548585, "_timestamp": 1741840395.1573756, "_runtime": 1909.7535886764526, "_step": 31, "train/lr": 6.600000000000001e-06}