{"train/loss": 0.1355526253581047, "train/ce_loss": 0.016111487150192262, "train/seg_cls_loss": 3.233614843338728e-05, "train/kl_loss": 0.004517745971679687, "train/mask_bce_loss": 0.0041704193077748645, "train/mask_dice_loss": 0.018134387535974385, "train/mask_loss": 0.022304806881584226, "metrics/total_secs_per_batch": 12.11861777305603, "metrics/data_secs_per_batch": 6.116995906829834, "_timestamp": 1743812390.708745, "_runtime": 411060.37846398354, "_step": 22836, "train/lr": 0.0, "_wandb": {"runtime": 411083}}