{"train/loss": 0.7845372915267944, "train/ce_loss": 0.0944091796875, "train/seg_cls_loss": 0.0042022705078125, "train/kl_loss": 0.0, "train/mask_bce_loss": 0.010341610666364432, "train/mask_dice_loss": 0.08264972865581513, "train/mask_loss": 0.09299133867025375, "metrics/total_secs_per_batch": 14.520260095596313, "metrics/data_secs_per_batch": 6.4605966091156, "_timestamp": 1746089186.7496016, "_runtime": 5709.721158504486, "_step": 244, "train/lr": 8.148524923702949e-05, "_wandb": {"runtime": 5722}}