{"train/loss": 0.692624443769455, "train/ce_loss": 0.22587890625, "train/seg_cls_loss": 0.097021484375, "train/kl_loss": 7.468461990356445e-06, "train/mask_bce_loss": 0.04184004347771406, "train/mask_dice_loss": 0.09455029815435409, "train/mask_loss": 0.13639034181833268, "metrics/total_secs_per_batch": 85.13634490966797, "metrics/data_secs_per_batch": 37.58733296394348, "_timestamp": 1741828163.5274944, "_runtime": 3014.377688407898, "_step": 34, "train/lr": 7.2000000000000005e-06, "_wandb": {"runtime": 3057}}