{"train/loss": 0.6654030323028565, "train/ce_loss": 0.018353271484375, "train/seg_cls_loss": 8.33242665976286e-08, "train/kl_loss": 0.0, "train/mask_bce_loss": 0.012446251837536693, "train/mask_dice_loss": 0.07776889428496361, "train/mask_loss": 0.09021514654159546, "metrics/total_secs_per_batch": 20.503243446350098, "metrics/data_secs_per_batch": 9.48789587020874, "_timestamp": 1746624978.6848474, "_runtime": 10478.91370844841, "_step": 499, "train/lr": 1.0547368421052633e-05, "_wandb": {"runtime": 10479}}