{"train/loss": 0.42183280289173125, "train/ce_loss": 0.19580078125, "train/seg_cls_loss": 0.10859375, "train/kl_loss": 3.893375396728516e-05, "train/mask_bce_loss": 0.06335247382521629, "train/mask_dice_loss": 0.09088070467114448, "train/mask_loss": 0.15423317551612853, "metrics/total_secs_per_batch": 25.978461742401123, "metrics/data_secs_per_batch": 11.772897934913635, "_timestamp": 1741510401.6890662, "_runtime": 6236.091952085495, "_step": 217, "train/lr": 1.988995983935743e-05, "_wandb": {"runtime": 6250}}