{"train/loss": 0.309549418091774, "train/ce_loss": 0.0397064208984375, "train/seg_cls_loss": 0.0185516357421875, "train/kl_loss": 0.00292510986328125, "train/mask_bce_loss": 0.029440880939364433, "train/mask_dice_loss": 0.08692562729120254, "train/mask_loss": 0.11636650711297988, "metrics/total_secs_per_batch": 52.570340633392334, "metrics/data_secs_per_batch": 25.14554488658905, "_timestamp": 1741884011.8079185, "_runtime": 5539.323581457138, "_step": 105, "train/lr": 0.0002998313253012048, "_wandb": {"runtime": 5564}}