{"train/loss": 0.5670747518539428, "train/ce_loss": 0.1904296875, "train/seg_cls_loss": 0.0514892578125, "train/kl_loss": 7.554888725280762e-06, "train/mask_bce_loss": 0.03852307605557144, "train/mask_dice_loss": 0.09829554632306099, "train/mask_loss": 0.13681862503290176, "metrics/total_secs_per_batch": 54.16029119491577, "metrics/data_secs_per_batch": 24.856309747695924, "_timestamp": 1741844351.5425866, "_runtime": 3751.3854706287384, "_step": 65, "train/lr": 1.4e-05, "_wandb": {"runtime": 3779}}