{"train/loss": 0.38246261775493623, "train/ce_loss": 0.04759521484375, "train/seg_cls_loss": 0.00012093931436538697, "train/kl_loss": 0.0, "train/mask_bce_loss": 0.01703059459105134, "train/mask_dice_loss": 0.037568734027445316, "train/mask_loss": 0.05459932833909988, "metrics/total_secs_per_batch": 87.08196687698364, "metrics/data_secs_per_batch": 38.29138858318329, "_timestamp": 1746553029.3191178, "_runtime": 124038.10416269302, "_step": 2494, "train/lr": 0.00023617741935483868, "_wandb": {"runtime": 124112}}