{"train/loss": 0.4093406140804291, "train/ce_loss": 0.027921390533447266, "train/seg_cls_loss": 2.5291740894317626e-05, "train/kl_loss": 0.0413330078125, "train/mask_bce_loss": 0.025320086674764753, "train/mask_dice_loss": 0.05511905737221241, "train/mask_loss": 0.0804391447454691, "metrics/total_secs_per_batch": 17.658355236053467, "metrics/data_secs_per_batch": 7.362115669250488, "_timestamp": 1742246831.805935, "_runtime": 80828.53187179565, "_step": 499, "train/lr": 0.00024168674698795176, "_wandb": {"runtime": 82212}}