{"train/loss": 4.57681884765625, "train/ce_loss": 2.862109375, "train/seg_cls_loss": 0.641796875, "train/kl_loss": 0.351953125, "train/mask_bce_loss": 0.27391997780650856, "train/mask_dice_loss": 0.6978015542030335, "train/mask_loss": 0.9717215538024903, "metrics/total_secs_per_batch": 7.260028600692749, "metrics/data_secs_per_batch": 3.0210584878921507, "_timestamp": 1740811469.1713088, "_runtime": 146.78501272201538, "_step": 1, "_wandb": {"runtime": 146}}