{"train/loss": 0.5831468611955642, "train/ce_loss": 0.04765625, "train/seg_cls_loss": 0.00391082763671875, "train/kl_loss": 0.009228515625, "train/mask_bce_loss": 0.05500397731084376, "train/mask_dice_loss": 0.06981677003204823, "train/mask_loss": 0.12482075095176696, "metrics/total_secs_per_batch": 65.25862526893616, "metrics/data_secs_per_batch": 29.870718479156494, "_timestamp": 1741693034.0242927, "_runtime": 69262.63494873047, "_step": 499, "train/lr": 0.00028798795180722886, "_wandb": {"runtime": 90889}}