{"train/loss": NaN, "train/ce_loss": 0.201220703125, "train/seg_cls_loss": 0.085986328125, "train/kl_loss": 0.0, "train/mask_bce_loss": NaN, "train/mask_dice_loss": NaN, "train/mask_loss": NaN, "metrics/total_secs_per_batch": 27.089864492416382, "metrics/data_secs_per_batch": 11.706446099281312, "_timestamp": 1742697346.1924927, "_runtime": 69149.05087375641, "_step": 1464, "train/lr": 0.0002836024096385542}