{"train/loss": 0.44900599420070647, "train/ce_loss": 0.12265625, "train/seg_cls_loss": 0.10009765625, "train/kl_loss": 0.0133819580078125, "train/mask_bce_loss": 0.04652944598346949, "train/mask_dice_loss": 0.08824698179960251, "train/mask_loss": 0.13477642685174943, "metrics/total_secs_per_batch": 8.647767782211304, "metrics/data_secs_per_batch": 3.93029899597168, "_timestamp": 1741151028.1324806, "_runtime": 3917.0294647216797, "_step": 499, "train/lr": 1.9640160642570282e-05, "_wandb": {"runtime": 3980}}