{"_wandb": {"runtime": 469}, "train/loss": 0.26476564854383466, "train/ce_loss": 0.205615234375, "train/seg_cls_loss": 0.11357421875, "train/kl_loss": 0.0, "train/mask_bce_loss": 0.02949219839647412, "train/mask_dice_loss": 0.09346681423485279, "train/mask_loss": 0.12295901328325272, "metrics/total_secs_per_batch": 18.723605155944824, "metrics/data_secs_per_batch": 10.167728877067566, "_timestamp": 1743399229.756548, "_runtime": 468.03623390197754, "_step": 0}