{"train/loss": 0.6248300224542618, "train/ce_loss": 0.024761962890625, "train/seg_cls_loss": 2.5101006031036377e-05, "train/kl_loss": 0.0, "train/mask_bce_loss": 0.007743864913936705, "train/mask_dice_loss": 0.07306537106633186, "train/mask_loss": 0.0808092325925827, "metrics/total_secs_per_batch": 20.260483503341675, "metrics/data_secs_per_batch": 9.113885927200318, "_timestamp": 1746613989.304007, "_runtime": 8895.29370713234, "_step": 393, "train/lr": 1.2778947368421054e-05}