{"train/loss": 0.2046338811516762, "train/ce_loss": 0.015421068668365479, "train/seg_cls_loss": 0.00011901361867785453, "train/kl_loss": 0.0412353515625, "train/mask_bce_loss": 0.011043383739888668, "train/mask_dice_loss": 0.041719690524041654, "train/mask_loss": 0.05276307463645935, "metrics/total_secs_per_batch": 32.98225545883179, "metrics/data_secs_per_batch": 13.899846267700195, "_timestamp": 1742296584.521977, "_runtime": 272947.33857798576, "_step": 499, "train/lr": 0.0001755421686746988, "_wandb": {"runtime": 284362}}