{"train/loss": 1.0433752596378327, "train/ce_loss": 0.318017578125, "train/seg_cls_loss": 0.0073089599609375, "train/kl_loss": 0.411328125, "train/mask_bce_loss": 0.09231694545596839, "train/mask_dice_loss": 0.5370128810405731, "train/mask_loss": 0.6293298244476319, "metrics/total_secs_per_batch": 6.7093095779418945, "metrics/data_secs_per_batch": 3.08133008480072, "_timestamp": 1740948692.9484115, "_runtime": 39354.06102657318, "_step": 499, "train/lr": 0.0001688192771084337, "_wandb": {"runtime": 41964}}