{"train/loss": 1.3735227584838867, "train/ce_loss": 0.3392578125, "train/seg_cls_loss": 0.108984375, "train/kl_loss": 0.0, "train/mask_bce_loss": 0.04376947786659002, "train/mask_dice_loss": 0.09102141186594963, "train/mask_loss": 0.1347908928990364, "metrics/total_secs_per_batch": 22.890384197235107, "metrics/data_secs_per_batch": 11.964508748054504, "_timestamp": 1745995724.9491775, "_runtime": 450.44603657722473, "_step": 0, "_wandb": {"runtime": 1352}}