{"train/loss": 0.4094934970140457, "train/ce_loss": 0.057421875, "train/seg_cls_loss": 1.1195661500096322e-07, "train/kl_loss": 0.0, "train/mask_bce_loss": 0.010685120103880763, "train/mask_dice_loss": 0.041337672434747216, "train/mask_loss": 0.05202279221266508, "metrics/total_secs_per_batch": 49.56154441833496, "metrics/data_secs_per_batch": 22.19161124229431, "_timestamp": 1753906059.5061657, "_runtime": 389959.3863117695, "_step": 7890, "train/lr": 9.283064516129032e-05, "val/giou": 0.450761616230011, "val/ciou": 0.403277724981308, "val/macro_gIoU": 0.0, "val/micro_gIoU": 0.0, "val/b_acc": 0.0, "val/i_acc": 0.5202349852472749, "val/o_acc": 0.9996681648014015, "_wandb": {"runtime": 389972}}