{"train/loss": 0.5442660987377167, "train/ce_loss": 0.020111083984375, "train/seg_cls_loss": 7.616728544235229e-06, "train/kl_loss": 0.0, "train/mask_bce_loss": 0.009699444891884923, "train/mask_dice_loss": 0.06309436298906804, "train/mask_loss": 0.07279380820691586, "metrics/total_secs_per_batch": 20.818490982055664, "metrics/data_secs_per_batch": 9.13559889793396, "_timestamp": 1746651519.4629097, "_runtime": 10984.315435647964, "_step": 499, "train/lr": 1.0547368421052633e-05, "_wandb": {"runtime": 10987}}