{"train/loss": 0.2204503884539008, "train/ce_loss": 0.03817138671875, "train/seg_cls_loss": 0.00312652587890625, "train/kl_loss": 0.00424957275390625, "train/mask_bce_loss": 0.017907035746611656, "train/mask_dice_loss": 0.07138065919280052, "train/mask_loss": 0.08928769454360008, "metrics/total_secs_per_batch": 29.407957553863525, "metrics/data_secs_per_batch": 13.964309000968933, "_timestamp": 1741543908.0881069, "_runtime": 14007.786864757538, "_step": 499, "train/lr": 0.0002946024096385542, "_wandb": {"runtime": 23610}}