{"train/loss": 0.3829301416873932, "train/ce_loss": 0.0329246997833252, "train/seg_cls_loss": 2.2311508655548095e-05, "train/kl_loss": 0.0, "train/mask_bce_loss": 0.014159727795049547, "train/mask_dice_loss": 0.0536094568669796, "train/mask_loss": 0.06776918694376946, "metrics/total_secs_per_batch": 88.0381269454956, "metrics/data_secs_per_batch": 40.458394455909726, "_timestamp": 1745091297.8475502, "_runtime": 138317.65064406395, "_step": 1093, "train/lr": 0.0002867590361445783, "_wandb": {"runtime": 138353}}