{"train/loss": 0.34056412875652314, "train/ce_loss": 0.1154296875, "train/seg_cls_loss": 0.080517578125, "train/kl_loss": 0.007940673828125, "train/mask_bce_loss": 0.028057862259447574, "train/mask_dice_loss": 0.06232185661792755, "train/mask_loss": 0.09037972018122672, "metrics/total_secs_per_batch": 6.539258003234863, "metrics/data_secs_per_batch": 2.4549489259719848, "_timestamp": 1741249483.7221944, "_runtime": 3772.405840396881, "_step": 498, "train/lr": 1.9641767068273094e-05, "_wandb": {"runtime": 53180}}