{"train/loss": 0.3540103554725647, "train/ce_loss": 0.23916015625, "train/seg_cls_loss": 0.11416015625, "train/kl_loss": 0.0, "train/mask_bce_loss": 0.05751298703253269, "train/mask_dice_loss": 0.09121388494968415, "train/mask_loss": 0.14872687235474585, "metrics/total_secs_per_batch": 35.848169803619385, "metrics/data_secs_per_batch": 16.786772203445434, "_timestamp": 1741850363.2471862, "_runtime": 185.777095079422, "_step": 0, "_wandb": {"runtime": 238}}