{"train/loss": 0.24381258860230445, "train/ce_loss": 0.0812255859375, "train/seg_cls_loss": 0.059814453125, "train/kl_loss": 0.001868438720703125, "train/mask_bce_loss": 0.04816104304045439, "train/mask_dice_loss": 0.06529350727796554, "train/mask_loss": 0.11345454901456833, "metrics/total_secs_per_batch": 28.059528827667236, "metrics/data_secs_per_batch": 12.028387427330017, "_timestamp": 1741503938.192447, "_runtime": 3662.120770931244, "_step": 123, "train/lr": 0.0002995903614457831}