{"train/loss": 0.8049317240715027, "train/ce_loss": 0.2255859375, "train/seg_cls_loss": 0.075341796875, "train/kl_loss": 0.0, "train/mask_bce_loss": 0.02590053156018257, "train/mask_dice_loss": 0.09422016441822052, "train/mask_loss": 0.12012069374322891, "metrics/total_secs_per_batch": 40.73338532447815, "metrics/data_secs_per_batch": 19.04509491920471, "_timestamp": 1743816505.319512, "_runtime": 2300.9697268009186, "_step": 37, "train/lr": 0.000117}