{"train/loss": 0.6113775253295899, "train/ce_loss": 0.020317840576171874, "train/seg_cls_loss": 0.0002762794494628906, "train/kl_loss": 0.0, "train/mask_bce_loss": 0.021269022300839425, "train/mask_dice_loss": 0.06849175244569779, "train/mask_loss": 0.08976077511906624, "metrics/total_secs_per_batch": 19.420270204544067, "metrics/data_secs_per_batch": 8.911748480796813, "_timestamp": 1743722379.6260877, "_runtime": 10489.58276963234, "_step": 499, "train/lr": 0.0002946024096385542, "_wandb": {"runtime": 10491}}