{"train/loss": 0.5630833297967911, "train/ce_loss": 0.27587890625, "train/seg_cls_loss": 0.101513671875, "train/kl_loss": 0.011138916015625, "train/mask_bce_loss": 0.026506121514830738, "train/mask_dice_loss": 0.0889417838305235, "train/mask_loss": 0.1154479056596756, "metrics/total_secs_per_batch": 28.89566683769226, "metrics/data_secs_per_batch": 13.176925897598267, "_timestamp": 1741499033.7088928, "_runtime": 313.98433470726013, "_step": 5, "train/lr": 1.1999999999999999e-05}