{"train/loss": 0.43583708703517915, "train/ce_loss": 0.043603515625, "train/seg_cls_loss": 0.0002090930938720703, "train/kl_loss": 0.0, "train/mask_bce_loss": 0.014598343707621097, "train/mask_dice_loss": 0.06044918000698089, "train/mask_loss": 0.07504752390086651, "metrics/total_secs_per_batch": 191.7662754058838, "metrics/data_secs_per_batch": 89.03668320178986, "_timestamp": 1743793363.0711107, "_runtime": 78426.4682366848, "_step": 499, "train/lr": 0.0002946024096385542, "_wandb": {"runtime": 78436}}