{"train/loss": 0.5366756990551949, "train/ce_loss": 0.2162109375, "train/seg_cls_loss": 0.08173828125, "train/kl_loss": 0.0, "train/mask_bce_loss": 0.052637665532529354, "train/mask_dice_loss": 0.08726268112659455, "train/mask_loss": 0.1399003453552723, "metrics/total_secs_per_batch": 33.27792286872864, "metrics/data_secs_per_batch": 16.176580095291136, "_timestamp": 1741529667.267762, "_runtime": 183.93062090873718, "_step": 0}