{"train/loss": 0.3655331864953041, "train/ce_loss": 0.165869140625, "train/seg_cls_loss": 0.122412109375, "train/kl_loss": 0.0, "train/mask_bce_loss": 0.09987596892751753, "train/mask_dice_loss": 0.07803127095103264, "train/mask_loss": 0.17790724337100983, "metrics/total_secs_per_batch": 18.733491897583008, "metrics/data_secs_per_batch": 9.311330962181092, "_timestamp": 1743810017.7379625, "_runtime": 133.11906242370605, "_step": 1, "_wandb": {"runtime": 217}, "train/lr": 0.0}