{"train/loss": 1.2794777512550355, "train/ce_loss": 0.22294921875, "train/seg_cls_loss": 0.112744140625, "train/kl_loss": 0.0, "train/mask_bce_loss": 0.0701027862727642, "train/mask_dice_loss": 0.08631527274847031, "train/mask_loss": 0.1564180590212345, "metrics/total_secs_per_batch": 40.97925853729248, "metrics/data_secs_per_batch": 18.287525129318237, "_timestamp": 1747786122.535352, "_runtime": 461.3522078990936, "_step": 3, "train/lr": 5.999999999999999e-06}