{"train/loss": 0.2494210734963417, "train/ce_loss": 0.04832763671875, "train/seg_cls_loss": 0.000645589828491211, "train/kl_loss": 0.02130126953125, "train/mask_bce_loss": 0.02700768643990159, "train/mask_dice_loss": 0.07322531156241893, "train/mask_loss": 0.1002329982817173, "metrics/total_secs_per_batch": 52.79753255844116, "metrics/data_secs_per_batch": 22.26655430793762, "_timestamp": 1741876275.545888, "_runtime": 23595.825954914093, "_step": 466, "train/lr": 0.0002950481927710843, "_wandb": {"runtime": 23622}}