{"train/loss": 0.34879679381847384, "train/ce_loss": 0.229052734375, "train/seg_cls_loss": 0.116552734375, "train/kl_loss": 0.0, "train/mask_bce_loss": 0.05986714772880077, "train/mask_dice_loss": 0.08383509740233422, "train/mask_loss": 0.14370224326848985, "metrics/total_secs_per_batch": 48.282700061798096, "metrics/data_secs_per_batch": 22.531732869148254, "_timestamp": 1745728511.3950357, "_runtime": 459.91234278678894, "_step": 5, "train/lr": 1.1999999999999999e-05}