{"train/loss": 1.2243864774703979, "train/ce_loss": 0.773828125, "train/seg_cls_loss": 0.005694580078125, "train/kl_loss": 0.1470703125, "train/mask_bce_loss": 0.05355628980323672, "train/mask_dice_loss": 0.16283616423606873, "train/mask_loss": 0.21639245599508286, "metrics/total_secs_per_batch": 4.108619689941406, "metrics/data_secs_per_batch": 1.7503703355789184, "_timestamp": 1740981031.9513392, "_runtime": 30823.74159526825, "_step": 499, "train/lr": 0.0, "_wandb": {"runtime": 31334}}