{"train/loss": 1.1970834016799927, "train/ce_loss": 0.120166015625, "train/seg_cls_loss": 0.2072265625, "train/kl_loss": 0.0, "train/mask_bce_loss": 0.012730054464191199, "train/mask_dice_loss": 0.07967557162046432, "train/mask_loss": 0.09240562319755555, "metrics/total_secs_per_batch": 38.39016890525818, "metrics/data_secs_per_batch": 17.0030797958374, "_timestamp": 1746582945.4848945, "_runtime": 797.5748624801636, "_step": 10, "train/lr": 8.438818565400844e-07, "_wandb": {"runtime": 18954}}