{"train/loss": 1.1548389434814452, "train/ce_loss": 0.42880859375, "train/seg_cls_loss": 0.0081298828125, "train/kl_loss": 0.17431640625, "train/mask_bce_loss": 0.1906503709964454, "train/mask_dice_loss": 0.5064513742923736, "train/mask_loss": 0.697101753950119, "metrics/total_secs_per_batch": 6.787319183349609, "metrics/data_secs_per_batch": 3.166736936569214, "_timestamp": 1740859774.5627367, "_runtime": 45678.442789793015, "_step": 499, "train/lr": 6.122448979591837e-08, "_wandb": {"runtime": 45808}}