{"train/loss": 0.386219796538353, "train/ce_loss": 0.03285493850708008, "train/seg_cls_loss": 0.00023125410079956056, "train/kl_loss": 0.0, "train/mask_bce_loss": 0.017954666935838758, "train/mask_dice_loss": 0.0528395501896739, "train/mask_loss": 0.07079421803355217, "metrics/total_secs_per_batch": 41.91695499420166, "metrics/data_secs_per_batch": 17.686284017562866, "_timestamp": 1744880977.0416539, "_runtime": 20266.007594823837, "_step": 498, "train/lr": 0.00029462650602409636}