{"train/loss": 0.27306110560894015, "train/ce_loss": 0.05186767578125, "train/seg_cls_loss": 0.0069854736328125, "train/kl_loss": 0.00872802734375, "train/mask_bce_loss": 0.019794342579552905, "train/mask_dice_loss": 0.08681921772658825, "train/mask_loss": 0.10661356002092362, "metrics/total_secs_per_batch": 25.1137433052063, "metrics/data_secs_per_batch": 11.50175359249115, "_timestamp": 1741517430.531544, "_runtime": 14101.144979953766, "_step": 499, "train/lr": 0.0002946024096385542, "_wandb": {"runtime": 14101}}