{"train/loss": 1.079120260477066, "train/ce_loss": 0.19482421875, "train/seg_cls_loss": 0.107763671875, "train/kl_loss": 0.0, "train/mask_bce_loss": 0.05048393434844911, "train/mask_dice_loss": 0.09466602057218551, "train/mask_loss": 0.14514995217323304, "metrics/total_secs_per_batch": 25.595674753189087, "metrics/data_secs_per_batch": 11.930278134346008, "_timestamp": 1742707862.8582072, "_runtime": 456.9818513393402, "_step": 2, "train/lr": 2.9999999999999997e-06}