{"train/loss": 0.4143978953361511, "train/ce_loss": 0.00762939453125, "train/seg_cls_loss": 3.870046930387616e-06, "train/kl_loss": 0.0, "train/mask_bce_loss": 0.005121733876876533, "train/mask_dice_loss": 0.049565325304865834, "train/mask_loss": 0.05468705855309963, "metrics/total_secs_per_batch": 19.53508949279785, "metrics/data_secs_per_batch": 8.610253190994262, "_timestamp": 1746817604.413947, "_runtime": 58633.646262168884, "_step": 3020, "train/lr": 0.00012018181818181817, "val/giou": 0.6452505588531494, "val/ciou": 0.725454568862915, "val/b_acc": 0.99999999919543, "val/i_acc": 0.15863032807213995, "val/o_acc": 0.9999999999925393}