{"train/loss": 0.47756385505199433, "train/ce_loss": 0.0331695556640625, "train/seg_cls_loss": 0.00013163089752197266, "train/kl_loss": 0.0, "train/mask_bce_loss": 0.014558979123830796, "train/mask_dice_loss": 0.06917539052665234, "train/mask_loss": 0.08373437002301216, "metrics/total_secs_per_batch": 58.19204616546631, "metrics/data_secs_per_batch": 25.584846258163452, "_timestamp": 1743687899.6109874, "_runtime": 30402.288949489594, "_step": 499, "train/lr": 0.0002946024096385542, "_wandb": {"runtime": 30403}}