{"train/loss": 0.32204973585903646, "train/ce_loss": 0.009360182285308837, "train/seg_cls_loss": 0.0005902849719859659, "train/kl_loss": 0.0, "train/mask_bce_loss": 0.013418859057128429, "train/mask_dice_loss": 0.04744576690718531, "train/mask_loss": 0.06086462484672665, "metrics/total_secs_per_batch": 48.36075496673584, "metrics/data_secs_per_batch": 22.18238956928253, "_timestamp": 1744861363.0779417, "_runtime": 704561.3472297192, "_step": 10227, "train/lr": 0.00016592771084337346}