{"train/loss": 0.44753017127513883, "train/ce_loss": 0.20126953125, "train/seg_cls_loss": 0.0802734375, "train/kl_loss": 0.010554477572441101, "train/mask_bce_loss": 0.023836344457231463, "train/mask_dice_loss": 0.07664749026298523, "train/mask_loss": 0.1004838339984417, "metrics/total_secs_per_batch": 28.449190855026245, "metrics/data_secs_per_batch": 13.474382400512695, "_timestamp": 1741423472.8807642, "_runtime": 759.0921502113342, "_step": 21, "train/lr": 6.599999999999999e-05}