{"train/loss": 6.175980472564698, "train/ce_loss": 1.90703125, "train/seg_cls_loss": 0.66953125, "train/kl_loss": 0.0892578125, "train/mask_bce_loss": 0.7848074823617935, "train/mask_dice_loss": 0.5908491730690002, "train/mask_loss": 1.3756566524505616, "metrics/total_secs_per_batch": 6.618504047393799, "metrics/data_secs_per_batch": 3.110398054122925, "_timestamp": 1740980879.1219802, "val/giou": 0.013007566332817078, "val/ciou": 0.028446627780795097, "_runtime": 530.6003651618958, "_step": 1}