{"global_step": 15, "loss_lang": 2.515625, "segm_loss_loss_ce": 15.358694076538086, "segm_loss_loss_bbox": 8.716859817504883, "segm_loss_loss_giou": 3.508424997329712, "segm_loss_loss_mask": 0.7872153520584106, "segm_loss_loss_dice": 8.373641967773438, "segm_loss_loss_ce_0": 14.892711639404297, "segm_loss_loss_bbox_0": 5.031278610229492, "segm_loss_loss_giou_0": 3.614429473876953, "segm_loss_loss_boxiou_0": 0.8149033784866333, "segm_loss_loss_mask_0": 0.6354621052742004, "segm_loss_loss_dice_0": 8.518267631530762, "segm_loss_loss_ce_1": 14.690882682800293, "segm_loss_loss_bbox_1": 2.8022754192352295, "segm_loss_loss_giou_1": 3.650040864944458, "segm_loss_loss_boxiou_1": 1.0640851259231567, "segm_loss_loss_mask_1": 0.37771695852279663, "segm_loss_loss_dice_1": 8.908136367797852, "segm_loss_loss_ce_2": 14.496793746948242, "segm_loss_loss_bbox_2": 4.475680828094482, "segm_loss_loss_giou_2": 3.6011013984680176, "segm_loss_loss_boxiou_2": 1.2151246070861816, "segm_loss_loss_mask_2": 0.5889989733695984, "segm_loss_loss_dice_2": 8.252984046936035, "segm_loss_loss_ce_3": 14.449737548828125, "segm_loss_loss_bbox_3": 6.3029961585998535, "segm_loss_loss_giou_3": 3.6436767578125, "segm_loss_loss_boxiou_3": 1.4941420555114746, "segm_loss_loss_mask_3": 1.0238134860992432, "segm_loss_loss_dice_3": 8.087026596069336, "segm_loss_loss_ce_4": 15.157257080078125, "segm_loss_loss_bbox_4": 8.595145225524902, "segm_loss_loss_giou_4": 3.509122371673584, "segm_loss_loss_boxiou_4": 1.5990393161773682, "segm_loss_loss_mask_4": 1.4265341758728027, "segm_loss_loss_dice_4": 8.47996711730957, "segm_loss_loss_bbox_dn": 0.0, "segm_loss_loss_giou_dn": 0.0, "segm_loss_loss_class_dn": 0.0, "segm_loss_loss_bbox_dn_0": 0.0, "segm_loss_loss_giou_dn_0": 0.0, "segm_loss_loss_class_dn_0": 0.0, "segm_loss_loss_bbox_dn_1": 0.0, "segm_loss_loss_giou_dn_1": 0.0, "segm_loss_loss_class_dn_1": 0.0, "segm_loss_loss_bbox_dn_2": 0.0, "segm_loss_loss_giou_dn_2": 0.0, "segm_loss_loss_class_dn_2": 0.0, "segm_loss_loss_bbox_dn_3": 0.0, "segm_loss_loss_giou_dn_3": 0.0, "segm_loss_loss_class_dn_3": 0.0, "segm_loss_loss_bbox_dn_4": 0.0, "segm_loss_loss_giou_dn_4": 0.0, "segm_loss_loss_class_dn_4": 0.0, "segm_loss_loss_ce_enc": 3.780646324157715, "segm_loss_loss_bbox_enc": 0.21816103160381317, "segm_loss_loss_giou_enc": 0.9989290237426758, "segm_loss_total_loss": 213.14202880859375, "segm_loss_iou_train": 0.0, "_timestamp": 1761032101.841479, "_runtime": 217.14121317863464, "_step": 63, "train/loss": 194.625, "train/grad_norm": 707.2463989257812, "train/learning_rate": 1.5384615384615387e-06, "train/epoch": 0.004632693580410324, "train/global_step": 15}