{"train/loss": 0.26532393991947173, "train/ce_loss": 0.0413818359375, "train/seg_cls_loss": 0.00714111328125, "train/kl_loss": 0.001016998291015625, "train/mask_bce_loss": 0.02078288048505783, "train/mask_dice_loss": 0.08405682444572449, "train/mask_loss": 0.10483970567584038, "metrics/total_secs_per_batch": 55.33587193489075, "metrics/data_secs_per_batch": 24.42253794670105, "_timestamp": 1741877965.1974065, "_runtime": 25391.346098423004, "_step": 499, "train/lr": 1.9640160642570282e-05, "_wandb": {"runtime": 25505}}