{"train/loss": 0.48864405155181884, "train/ce_loss": 0.244921875, "train/seg_cls_loss": 0.101806640625, "train/kl_loss": 6.654858589172364e-06, "train/mask_bce_loss": 0.041278612613677976, "train/mask_dice_loss": 0.08601931035518647, "train/mask_loss": 0.1272979237139225, "metrics/total_secs_per_batch": 69.36989331245422, "metrics/data_secs_per_batch": 31.59786648750305, "_timestamp": 1741824903.7457569, "_runtime": 3192.2260208129883, "_step": 37, "train/lr": 7.800000000000002e-06, "_wandb": {"runtime": 3221}}