{"train/loss": 0.18530356734991074, "train/ce_loss": 0.0006018944084644317, "train/seg_cls_loss": 7.785827619954944e-07, "train/kl_loss": 0.040625, "train/mask_bce_loss": 0.00621763288800139, "train/mask_dice_loss": 0.04306631665676832, "train/mask_loss": 0.04928395003080368, "metrics/total_secs_per_batch": 13.07800555229187, "metrics/data_secs_per_batch": 6.223680138587952, "_timestamp": 1743750309.174369, "_runtime": 349820.5224030018, "_step": 24999, "train/lr": 0.0, "_wandb": {"runtime": 349871}}