{"train/loss": 0.5497973263263702, "train/ce_loss": 0.097216796875, "train/seg_cls_loss": 0.096337890625, "train/kl_loss": 0.00355072021484375, "train/mask_bce_loss": 0.03688629283569753, "train/mask_dice_loss": 0.08222884126007557, "train/mask_loss": 0.11911513283848763, "metrics/total_secs_per_batch": 26.761358737945557, "metrics/data_secs_per_batch": 11.904159140586852, "_timestamp": 1741503321.5843549, "_runtime": 3396.183180809021, "_step": 116, "train/lr": 0.00029968674698795176}