{"train/loss": 0.15940028801560402, "train/ce_loss": 0.104931640625, "train/seg_cls_loss": 0.102587890625, "train/kl_loss": 0.0, "train/mask_bce_loss": 0.027219673345098273, "train/mask_dice_loss": 0.08777626603841782, "train/mask_loss": 0.11499593928456306, "metrics/total_secs_per_batch": 13.253947496414185, "metrics/data_secs_per_batch": 6.390136504173279, "_timestamp": 1743391210.6557887, "_runtime": 1233.1751637458801, "_step": 65, "train/lr": 0.00020999999999999998}