{"train/loss": 0.23202987462282182, "train/ce_loss": 0.003231048583984375, "train/seg_cls_loss": 4.493995220400393e-09, "train/kl_loss": 0.0, "train/mask_bce_loss": 0.004085414856672287, "train/mask_dice_loss": 0.027578633092343808, "train/mask_loss": 0.03166404776275158, "metrics/total_secs_per_batch": 19.770986080169678, "metrics/data_secs_per_batch": 8.484577751159668, "_timestamp": 1746814367.800208, "_runtime": 63040.60568213463, "_step": 2999, "train/lr": 0.0, "val/giou": 0.4779678285121918, "val/ciou": 0.6325005292892456, "val/b_acc": 0.9998611675692612, "val/i_acc": 0.863710108903677, "val/o_acc": 0.9999921126260662, "_wandb": {"runtime": 63041}}