{"train/loss": 0.5310478806495667, "train/ce_loss": 0.0237548828125, "train/seg_cls_loss": 0.006781005859375, "train/kl_loss": 0.0, "train/mask_bce_loss": 0.009478082926943899, "train/mask_dice_loss": 0.059350818395614624, "train/mask_loss": 0.0688289012759924, "metrics/total_secs_per_batch": 20.95621395111084, "metrics/data_secs_per_batch": 9.377686786651612, "_timestamp": 1746751204.4535823, "_runtime": 1030.6709752082825, "_step": 28, "train/lr": 0.000168}