{"train/loss": 1.2853375673294067, "train/ce_loss": 0.1826171875, "train/seg_cls_loss": 0.1083984375, "train/kl_loss": 0.0, "train/mask_bce_loss": 0.04963192343711853, "train/mask_dice_loss": 0.09825920313596725, "train/mask_loss": 0.14789113402366638, "metrics/total_secs_per_batch": 2.8122849464416504, "metrics/data_secs_per_batch": 0.004319190979003906, "_timestamp": 1746612960.5435805, "_runtime": 399.236953496933, "_step": 17, "train/lr": 3.4000000000000005e-06}