{"train/loss": 0.6745916545391083, "train/ce_loss": 0.222265625, "train/seg_cls_loss": 0.101904296875, "train/kl_loss": 0.013435477018356323, "train/mask_bce_loss": 0.02262255591340363, "train/mask_dice_loss": 0.08743428811430931, "train/mask_loss": 0.1100568413734436, "metrics/total_secs_per_batch": 30.572893142700195, "metrics/data_secs_per_batch": 14.08297402858734, "_timestamp": 1741499769.5793285, "_runtime": 948.9563095569611, "_step": 27, "train/lr": 8.4e-05}