{"train/loss": 0.36534272879362106, "train/ce_loss": 0.27021484375, "train/seg_cls_loss": 0.109814453125, "train/kl_loss": 0.0, "train/mask_bce_loss": 0.04759323764592409, "train/mask_dice_loss": 0.088698860257864, "train/mask_loss": 0.13629209473729134, "metrics/total_secs_per_batch": 10.5229651927948, "metrics/data_secs_per_batch": 4.881895041465759, "_timestamp": 1743384281.7809112, "_runtime": 460.97593212127686, "_step": 1, "train/lr": 0.0}