{"global_step": 0, "loss_lang": 2.1875, "segm_loss_loss_ce": 16.473318099975586, "segm_loss_loss_bbox": 2.7865867614746094, "segm_loss_loss_giou": 2.6478819847106934, "segm_loss_loss_mask": 1.4385371208190918, "segm_loss_loss_dice": 7.281692028045654, "segm_loss_loss_ce_0": 15.604856491088867, "segm_loss_loss_bbox_0": 4.456837177276611, "segm_loss_loss_giou_0": 3.2195019721984863, "segm_loss_loss_boxiou_0": 1.223982572555542, "segm_loss_loss_mask_0": 1.493117094039917, "segm_loss_loss_dice_0": 7.271819591522217, "segm_loss_loss_ce_1": 16.77682113647461, "segm_loss_loss_bbox_1": 2.90962815284729, "segm_loss_loss_giou_1": 2.8355584144592285, "segm_loss_loss_boxiou_1": 1.2478750944137573, "segm_loss_loss_mask_1": 1.3181461095809937, "segm_loss_loss_dice_1": 6.936178207397461, "segm_loss_loss_ce_2": 16.891878128051758, "segm_loss_loss_bbox_2": 2.831101655960083, "segm_loss_loss_giou_2": 2.6366336345672607, "segm_loss_loss_boxiou_2": 1.5263514518737793, "segm_loss_loss_mask_2": 1.4517910480499268, "segm_loss_loss_dice_2": 6.996773719787598, "segm_loss_loss_ce_3": 16.53441047668457, "segm_loss_loss_bbox_3": 2.860600471496582, "segm_loss_loss_giou_3": 2.644397735595703, "segm_loss_loss_boxiou_3": 1.560982346534729, "segm_loss_loss_mask_3": 1.516837477684021, "segm_loss_loss_dice_3": 7.162938117980957, "segm_loss_loss_ce_4": 16.502696990966797, "segm_loss_loss_bbox_4": 2.8547964096069336, "segm_loss_loss_giou_4": 2.6459312438964844, "segm_loss_loss_boxiou_4": 1.629827857017517, "segm_loss_loss_mask_4": 1.6604112386703491, "segm_loss_loss_dice_4": 7.220188140869141, "segm_loss_loss_bbox_dn": 0.0, "segm_loss_loss_giou_dn": 0.0, "segm_loss_loss_class_dn": 0.0, "segm_loss_loss_bbox_dn_0": 0.0, "segm_loss_loss_giou_dn_0": 0.0, "segm_loss_loss_class_dn_0": 0.0, "segm_loss_loss_bbox_dn_1": 0.0, "segm_loss_loss_giou_dn_1": 0.0, "segm_loss_loss_class_dn_1": 0.0, "segm_loss_loss_bbox_dn_2": 0.0, "segm_loss_loss_giou_dn_2": 0.0, "segm_loss_loss_class_dn_2": 0.0, "segm_loss_loss_bbox_dn_3": 0.0, "segm_loss_loss_giou_dn_3": 0.0, "segm_loss_loss_class_dn_3": 0.0, "segm_loss_loss_bbox_dn_4": 0.0, "segm_loss_loss_giou_dn_4": 0.0, "segm_loss_loss_class_dn_4": 0.0, "segm_loss_loss_ce_enc": 2.2208430767059326, "segm_loss_loss_bbox_enc": 0.6945912837982178, "segm_loss_loss_giou_enc": 1.8290281295776367, "segm_loss_total_loss": 197.79550170898438, "segm_loss_iou_train": 0.022747693583369255, "_timestamp": 1761030021.5922012, "_runtime": 14.358834266662598, "_step": 0, "_wandb": {"runtime": 18}}