{"train/loss": 0.8734332203865052, "train/ce_loss": 0.09619140625, "train/seg_cls_loss": 0.0268310546875, "train/kl_loss": 0.0, "train/mask_bce_loss": 0.008270580554381013, "train/mask_dice_loss": 0.08835173919796943, "train/mask_loss": 0.09662232100963593, "metrics/total_secs_per_batch": 14.672202825546265, "metrics/data_secs_per_batch": 6.96885313987732, "_timestamp": 1747185911.7853882, "_runtime": 407.6816442012787, "_step": 2, "train/lr": 1.1999999999999999e-05, "_wandb": {"runtime": 422}}