{"train/loss": 0.3725921675562859, "train/ce_loss": 0.008537483215332032, "train/seg_cls_loss": 5.323700606822968e-05, "train/kl_loss": 0.0388916015625, "train/mask_bce_loss": 0.017288676043972374, "train/mask_dice_loss": 0.05489545427262783, "train/mask_loss": 0.07218413092195988, "metrics/total_secs_per_batch": 59.42338824272156, "metrics/data_secs_per_batch": 26.745407009124754, "_timestamp": 1742773813.3081334, "_runtime": 63337.99289441109, "_step": 1193, "train/lr": 0.0002259036144578313, "_wandb": {"runtime": 63363}}