{"train/loss": 0.35361263900995255, "train/ce_loss": 0.0009214401245117188, "train/seg_cls_loss": 0.011477806977927685, "train/kl_loss": 0.0, "train/mask_bce_loss": 0.02606339743360877, "train/mask_dice_loss": 0.04626810047775507, "train/mask_loss": 0.0723314993083477, "metrics/total_secs_per_batch": 146.2232484817505, "metrics/data_secs_per_batch": 65.98638453483582, "_timestamp": 1744519323.0826268, "_runtime": 32819.621270895004, "_step": 304, "train/lr": 0.00029719277108433733, "_wandb": {"runtime": 32842}}