{"train/loss": 0.4733973890542984, "train/ce_loss": 0.05015869140625, "train/seg_cls_loss": 2.112984657287598e-06, "train/kl_loss": 0.0, "train/mask_bce_loss": 0.01976657537743449, "train/mask_dice_loss": 0.04796105660498142, "train/mask_loss": 0.06772763058543205, "metrics/total_secs_per_batch": 160.36795806884766, "metrics/data_secs_per_batch": 70.9059900522232, "_timestamp": 1746529193.453467, "_runtime": 115703.90747499466, "_step": 2055, "train/lr": 0.00024786290322580644, "_wandb": {"runtime": 115766}}