{"train/loss": 1.1035328388214112, "train/ce_loss": 0.24853515625, "train/seg_cls_loss": 0.1087890625, "train/kl_loss": 0.0, "train/mask_bce_loss": 0.0296757148578763, "train/mask_dice_loss": 0.09626981541514397, "train/mask_loss": 0.12594553157687188, "metrics/total_secs_per_batch": 103.1001365184784, "metrics/data_secs_per_batch": 46.54700105190277, "_timestamp": 1743628660.1653626, "_runtime": 1141.6717386245728, "_step": 6, "train/lr": 1.4999999999999999e-05, "_wandb": {"runtime": 1170}}