{"train/loss": 0.5220110952854157, "train/ce_loss": 0.210986328125, "train/seg_cls_loss": 0.09208984375, "train/kl_loss": 7.590651512145996e-06, "train/mask_bce_loss": 0.03752480141120031, "train/mask_dice_loss": 0.09504324048757554, "train/mask_loss": 0.13256804123520852, "metrics/total_secs_per_batch": 82.67022275924683, "metrics/data_secs_per_batch": 37.67123863697052, "_timestamp": 1741836125.2427857, "_runtime": 3307.065676689148, "_step": 40, "train/lr": 8.6e-06, "_wandb": {"runtime": 3360}}