{"train/loss": 0.26064479872584345, "train/ce_loss": 0.030728673934936522, "train/seg_cls_loss": 8.330275304615497e-05, "train/kl_loss": 0.03555908203125, "train/mask_bce_loss": 0.01117016952484846, "train/mask_dice_loss": 0.05185352358967066, "train/mask_loss": 0.0630236940458417, "metrics/total_secs_per_batch": 27.138363122940063, "metrics/data_secs_per_batch": 12.28322684764862, "_timestamp": 1742300087.7563174, "_runtime": 276774.46431446075, "_step": 499, "train/lr": 0.0001755421686746988, "_wandb": {"runtime": 284727}}