{"train/loss": 0.4897782921791077, "train/ce_loss": 0.216796875, "train/seg_cls_loss": 0.08193359375, "train/kl_loss": 7.539987564086914e-06, "train/mask_bce_loss": 0.039583241753280166, "train/mask_dice_loss": 0.07636058554053307, "train/mask_loss": 0.11594382524490357, "metrics/total_secs_per_batch": 26.03450298309326, "metrics/data_secs_per_batch": 11.99650318622589, "_timestamp": 1741503659.361525, "_runtime": 3523.556365966797, "_step": 120, "train/lr": 1.9975100401606426e-05, "_wandb": {"runtime": 3572}}