{"train/loss": 0.5471317201852799, "train/ce_loss": 0.033385825157165525, "train/seg_cls_loss": 6.568431854248047e-06, "train/kl_loss": 0.0, "train/mask_bce_loss": 0.0182130285538733, "train/mask_dice_loss": 0.07955857813358307, "train/mask_loss": 0.09777160584926606, "metrics/total_secs_per_batch": 26.35617685317993, "metrics/data_secs_per_batch": 12.127323269844055, "_timestamp": 1743671866.4302473, "_runtime": 13619.020059347153, "_step": 499, "train/lr": 0.0002946024096385542, "_wandb": {"runtime": 13620}}