{"train/loss": 0.4165066659450531, "train/ce_loss": 0.01233673095703125, "train/seg_cls_loss": 6.848713383078575e-08, "train/kl_loss": 0.0, "train/mask_bce_loss": 0.004240231966832653, "train/mask_dice_loss": 0.06594931334257126, "train/mask_loss": 0.07018954604864121, "metrics/total_secs_per_batch": 8.464334487915039, "metrics/data_secs_per_batch": 3.719586968421936, "_timestamp": 1746251228.2949967, "_runtime": 159557.6309196949, "_step": 12958, "train/lr": 8.694395374979925e-05, "_wandb": {"runtime": 159565}}