{"train/loss": 0.9378646187484264, "train/ce_loss": 0.260546875, "train/seg_cls_loss": 0.09345703125, "train/kl_loss": 0.011270970106124878, "train/mask_bce_loss": 0.16472851228900254, "train/mask_dice_loss": 0.07255111411213874, "train/mask_loss": 0.23727962747216225, "metrics/total_secs_per_batch": 24.04098892211914, "metrics/data_secs_per_batch": 10.893187952041625, "_timestamp": 1741421025.493293, "_runtime": 638.0926940441132, "_step": 18, "train/lr": 5.399999999999999e-05, "_wandb": {"runtime": 648}}