{"train/loss": 0.2762814000248909, "train/ce_loss": 0.16455078125, "train/seg_cls_loss": 0.112060546875, "train/kl_loss": 0.0, "train/mask_bce_loss": 0.055914134811609985, "train/mask_dice_loss": 0.09812079519033431, "train/mask_loss": 0.15403493046760558, "metrics/total_secs_per_batch": 17.20194673538208, "metrics/data_secs_per_batch": 7.419722557067871, "_timestamp": 1743803538.544787, "_runtime": 481.63896083831787, "_step": 20, "train/lr": 6.299999999999999e-05}