{"train/loss": 0.3308388590812683, "train/ce_loss": 0.053741455078125, "train/seg_cls_loss": 0.019622802734375, "train/kl_loss": 0.001830291748046875, "train/mask_bce_loss": 0.03378884419798851, "train/mask_dice_loss": 0.0851462110877037, "train/mask_loss": 0.11893505379557609, "metrics/total_secs_per_batch": 57.93657422065735, "metrics/data_secs_per_batch": 25.796689128875734, "_timestamp": 1741848149.1821942, "_runtime": 6926.70144033432, "_step": 92, "train/lr": 0.0003}