{"train/loss": 0.3840587943792343, "train/ce_loss": 0.145947265625, "train/seg_cls_loss": 0.0841796875, "train/kl_loss": 0.00016193389892578126, "train/mask_bce_loss": 0.027054460532963277, "train/mask_dice_loss": 0.07106868624687195, "train/mask_loss": 0.09812314584851264, "metrics/total_secs_per_batch": 29.522658348083496, "metrics/data_secs_per_batch": 13.375859141349792, "_timestamp": 1741625467.0570564, "_runtime": 2026.831618309021, "_step": 61, "train/lr": 0.000198, "_wandb": {"runtime": 2051}}