{"train/loss": 0.49442108869552615, "train/ce_loss": 0.011761474609375, "train/seg_cls_loss": 3.691093297675252e-09, "train/kl_loss": 0.0, "train/mask_bce_loss": 0.0025445174425840376, "train/mask_dice_loss": 0.05969617068767548, "train/mask_loss": 0.06224068701267242, "metrics/total_secs_per_batch": 19.3181312084198, "metrics/data_secs_per_batch": 8.751587653160096, "_timestamp": 1747120738.9601953, "_runtime": 48193.50100827217, "_step": 1985, "train/lr": 0.0, "val/giou": 0.4460245966911316, "val/ciou": 0.5031790733337402, "val/macro_gIoU": 0.48549208824945567, "val/micro_gIoU": 0.48549208824945567, "val/b_acc": 0.99999999919543, "val/i_acc": 0.15606801733969716, "val/o_acc": 0.9999992539265453}