{"train/loss": 0.2848603494465351, "train/ce_loss": 0.22255859375, "train/seg_cls_loss": 0.10810546875, "train/kl_loss": 0.0, "train/mask_bce_loss": 0.03118016991065815, "train/mask_dice_loss": 0.09903270751237869, "train/mask_loss": 0.1302128754556179, "metrics/total_secs_per_batch": 13.662076711654663, "metrics/data_secs_per_batch": 6.543965101242065, "_timestamp": 1743398489.5782635, "_runtime": 845.1569204330444, "_step": 35, "train/lr": 0.00011099999999999999, "_wandb": {"runtime": 862}}