{"train/loss": 1.3484405398368835, "train/ce_loss": 0.19462890625, "train/seg_cls_loss": 0.1306640625, "train/kl_loss": 0.0, "train/mask_bce_loss": 0.04155112423468381, "train/mask_dice_loss": 0.08922090008854866, "train/mask_loss": 0.13077202588319778, "metrics/total_secs_per_batch": 15.573858499526978, "metrics/data_secs_per_batch": 7.082013726234436, "_timestamp": 1742882135.0168455, "_runtime": 349.8843605518341, "_step": 16, "train/lr": 4.7999999999999994e-05}