{"train/loss": 0.3761295020580292, "train/ce_loss": 0.04681396484375, "train/seg_cls_loss": 3.9918813854455945e-08, "train/kl_loss": 0.0, "train/mask_bce_loss": 0.010773874656297266, "train/mask_dice_loss": 0.03847127947956323, "train/mask_loss": 0.049245153553783894, "metrics/total_secs_per_batch": 45.38299918174744, "metrics/data_secs_per_batch": 20.72365458011627, "_timestamp": 1754090602.6021938, "_runtime": 577749.900801897, "_step": 12499, "train/lr": 0.0, "val/giou": 0.4409671425819397, "val/ciou": 0.4555598795413971, "val/macro_gIoU": 0.0, "val/micro_gIoU": 0.0, "val/b_acc": 0.004999999750000012, "val/i_acc": 0.4538757192380662, "val/o_acc": 0.9997435818577115, "_wandb": {"runtime": 577752}}