{"train/loss": 0.5437066286802292, "train/ce_loss": 0.23193359375, "train/seg_cls_loss": 0.09365234375, "train/kl_loss": 7.113814353942871e-06, "train/mask_bce_loss": 0.049053486995399, "train/mask_dice_loss": 0.08342482857406139, "train/mask_loss": 0.13247831165790558, "metrics/total_secs_per_batch": 59.674930810928345, "metrics/data_secs_per_batch": 25.964215683937073, "_timestamp": 1741573048.1834502, "_runtime": 2177.6324591636658, "_step": 27, "train/lr": 8.4e-05, "_wandb": {"runtime": 2184}}