{"train/loss": 0.5473649948835373, "train/ce_loss": 0.015118408203125, "train/seg_cls_loss": 0.02554931640625, "train/kl_loss": 0.0, "train/mask_bce_loss": 0.027606974914669992, "train/mask_dice_loss": 0.07099652588367462, "train/mask_loss": 0.09860350117087364, "metrics/total_secs_per_batch": 59.89384436607361, "metrics/data_secs_per_batch": 26.681136751174925, "_timestamp": 1744859182.2524767, "_runtime": 6801.317257642746, "_step": 112, "train/lr": 0.0002997349397590361}