{"train/loss": 1.1064030043166766, "train/ce_loss": 0.23388669925944172, "train/seg_cls_loss": 0.03500060743484521, "train/kl_loss": 0.0, "train/mask_bce_loss": 0.04725220604359871, "train/mask_dice_loss": 0.088464864670266, "train/mask_loss": 0.1357170627665794, "metrics/total_secs_per_batch": 64.06331646320284, "metrics/data_secs_per_batch": 28.378272554027784, "_timestamp": 1761170049.5977774, "_runtime": 1669.6595113277435, "_step": 20, "train/lr": 6.299999999999999e-05}