{"global_step": 0, "loss_lang": 2.46875, "segm_loss_loss_ce": 16.42420768737793, "segm_loss_loss_bbox": 0.9938039779663086, "segm_loss_loss_giou": 2.961534023284912, "segm_loss_loss_mask": 0.26189956068992615, "segm_loss_loss_dice": 7.746096611022949, "segm_loss_loss_ce_0": 17.339935302734375, "segm_loss_loss_bbox_0": 3.353116035461426, "segm_loss_loss_giou_0": 3.999837636947632, "segm_loss_loss_boxiou_0": 0.5980835556983948, "segm_loss_loss_mask_0": 0.3039335608482361, "segm_loss_loss_dice_0": 8.887456893920898, "segm_loss_loss_ce_1": 16.07896614074707, "segm_loss_loss_bbox_1": 1.7941266298294067, "segm_loss_loss_giou_1": 3.0845773220062256, "segm_loss_loss_boxiou_1": 1.351331114768982, "segm_loss_loss_mask_1": 0.27171021699905396, "segm_loss_loss_dice_1": 7.863035202026367, "segm_loss_loss_ce_2": 15.794506072998047, "segm_loss_loss_bbox_2": 2.85033917427063, "segm_loss_loss_giou_2": 3.103461265563965, "segm_loss_loss_boxiou_2": 0.5555827021598816, "segm_loss_loss_mask_2": 0.22416841983795166, "segm_loss_loss_dice_2": 8.354179382324219, "segm_loss_loss_ce_3": 14.737934112548828, "segm_loss_loss_bbox_3": 2.579190731048584, "segm_loss_loss_giou_3": 3.0965576171875, "segm_loss_loss_boxiou_3": 0.48117896914482117, "segm_loss_loss_mask_3": 0.2404671162366867, "segm_loss_loss_dice_3": 8.480428695678711, "segm_loss_loss_ce_4": 15.20298957824707, "segm_loss_loss_bbox_4": 0.8242789506912231, "segm_loss_loss_giou_4": 2.854342460632324, "segm_loss_loss_boxiou_4": 0.6492539048194885, "segm_loss_loss_mask_4": 0.168352872133255, "segm_loss_loss_dice_4": 7.780186653137207, "segm_loss_loss_bbox_dn": 0.0, "segm_loss_loss_giou_dn": 0.0, "segm_loss_loss_class_dn": 0.0, "segm_loss_loss_bbox_dn_0": 0.0, "segm_loss_loss_giou_dn_0": 0.0, "segm_loss_loss_class_dn_0": 0.0, "segm_loss_loss_bbox_dn_1": 0.0, "segm_loss_loss_giou_dn_1": 0.0, "segm_loss_loss_class_dn_1": 0.0, "segm_loss_loss_bbox_dn_2": 0.0, "segm_loss_loss_giou_dn_2": 0.0, "segm_loss_loss_class_dn_2": 0.0, "segm_loss_loss_bbox_dn_3": 0.0, "segm_loss_loss_giou_dn_3": 0.0, "segm_loss_loss_class_dn_3": 0.0, "segm_loss_loss_bbox_dn_4": 0.0, "segm_loss_loss_giou_dn_4": 0.0, "segm_loss_loss_class_dn_4": 0.0, "segm_loss_loss_ce_enc": 3.6242835521698, "segm_loss_loss_bbox_enc": 0.09188616275787354, "segm_loss_loss_giou_enc": 0.5334646105766296, "segm_loss_total_loss": 185.5408477783203, "segm_loss_iou_train": 0.05783132463693619, "_timestamp": 1761114492.3622904, "_runtime": 76.12700939178467, "_step": 15, "train/loss": 206.2083, "train/grad_norm": 1491.658935546875, "train/learning_rate": 2e-05, "train/epoch": 0.0003088462386940216, "train/global_step": 1, "train_runtime": 77.2407, "train_samples_per_second": 0.544, "train_steps_per_second": 0.013, "total_flos": 601017590743040.0, "train_loss": 206.20834350585938}