{"train/loss": 156.4572021484375, "train/ce_loss": 0.22333984375, "train/seg_cls_loss": 78.05, "train/kl_loss": 0.0, "train/mask_bce_loss": 0.03194829765707254, "train/mask_dice_loss": 0.07888347953557968, "train/mask_loss": 0.11083177775144577, "metrics/total_secs_per_batch": 47.0231077671051, "metrics/data_secs_per_batch": 20.296524953842162, "_timestamp": 1744518049.225525, "_runtime": 36111.83217597008, "_step": 717, "train/lr": 0.0002925421686746988}