{"train/loss": 0.34981355667114256, "train/ce_loss": 0.014747238159179688, "train/seg_cls_loss": 0.0005574226379394531, "train/kl_loss": 0.00231170654296875, "train/mask_bce_loss": 0.016881611570715903, "train/mask_dice_loss": 0.07447828203439713, "train/mask_loss": 0.09135989174246788, "metrics/total_secs_per_batch": 54.409438133239746, "metrics/data_secs_per_batch": 24.793209862709045, "_timestamp": 1741909506.758799, "_runtime": 33252.18947196007, "_step": 498, "train/lr": 0.00029462650602409636}