{"train/loss": 0.3504787012934685, "train/ce_loss": 0.023850250244140624, "train/seg_cls_loss": 1.1516734957695007e-05, "train/kl_loss": 0.0, "train/mask_bce_loss": 0.015456212218850851, "train/mask_dice_loss": 0.049281376600265506, "train/mask_loss": 0.06473758928477764, "metrics/total_secs_per_batch": 122.70200705528259, "metrics/data_secs_per_batch": 46.32300863265991, "_timestamp": 1745084654.3912776, "_runtime": 160912.92482566833, "_step": 1409, "train/lr": 0.00028256626506024095, "_wandb": {"runtime": 160959}}