{"global_step": 0, "loss_lang": 2.484375, "segm_loss_loss_ce": 16.724597930908203, "segm_loss_loss_bbox": 4.464608669281006, "segm_loss_loss_giou": 2.915762424468994, "segm_loss_loss_mask": 2.1410646438598633, "segm_loss_loss_dice": 8.444107055664062, "segm_loss_loss_ce_0": 16.58820152282715, "segm_loss_loss_bbox_0": 4.443347454071045, "segm_loss_loss_giou_0": 3.290057897567749, "segm_loss_loss_boxiou_0": 1.7004116773605347, "segm_loss_loss_mask_0": 2.26749849319458, "segm_loss_loss_dice_0": 8.308412551879883, "segm_loss_loss_ce_1": 17.6408748626709, "segm_loss_loss_bbox_1": 4.485554218292236, "segm_loss_loss_giou_1": 2.9426703453063965, "segm_loss_loss_boxiou_1": 1.8762404918670654, "segm_loss_loss_mask_1": 2.610506772994995, "segm_loss_loss_dice_1": 8.374282836914062, "segm_loss_loss_ce_2": 16.49542999267578, "segm_loss_loss_bbox_2": 3.9146523475646973, "segm_loss_loss_giou_2": 2.9448702335357666, "segm_loss_loss_boxiou_2": 1.816331386566162, "segm_loss_loss_mask_2": 2.2082936763763428, "segm_loss_loss_dice_2": 8.268013954162598, "segm_loss_loss_ce_3": 15.965766906738281, "segm_loss_loss_bbox_3": 4.182155609130859, "segm_loss_loss_giou_3": 2.9284377098083496, "segm_loss_loss_boxiou_3": 1.9080474376678467, "segm_loss_loss_mask_3": 2.2669036388397217, "segm_loss_loss_dice_3": 8.429548263549805, "segm_loss_loss_ce_4": 16.294607162475586, "segm_loss_loss_bbox_4": 4.641475677490234, "segm_loss_loss_giou_4": 2.914424419403076, "segm_loss_loss_boxiou_4": 1.8282595872879028, "segm_loss_loss_mask_4": 2.1958608627319336, "segm_loss_loss_dice_4": 7.973543167114258, "segm_loss_loss_bbox_dn": 0.0, "segm_loss_loss_giou_dn": 0.0, "segm_loss_loss_class_dn": 0.0, "segm_loss_loss_bbox_dn_0": 0.0, "segm_loss_loss_giou_dn_0": 0.0, "segm_loss_loss_class_dn_0": 0.0, "segm_loss_loss_bbox_dn_1": 0.0, "segm_loss_loss_giou_dn_1": 0.0, "segm_loss_loss_class_dn_1": 0.0, "segm_loss_loss_bbox_dn_2": 0.0, "segm_loss_loss_giou_dn_2": 0.0, "segm_loss_loss_class_dn_2": 0.0, "segm_loss_loss_bbox_dn_3": 0.0, "segm_loss_loss_giou_dn_3": 0.0, "segm_loss_loss_class_dn_3": 0.0, "segm_loss_loss_bbox_dn_4": 0.0, "segm_loss_loss_giou_dn_4": 0.0, "segm_loss_loss_class_dn_4": 0.0, "segm_loss_loss_ce_enc": 2.6993725299835205, "segm_loss_loss_bbox_enc": 1.0087240934371948, "segm_loss_loss_giou_enc": 1.622441053390503, "segm_loss_total_loss": 221.7255401611328, "segm_loss_iou_train": 0.015713555738329887, "_timestamp": 1761029316.3259826, "_runtime": 18.482707500457764, "_step": 0, "_wandb": {"runtime": 25}}