{"train/loss": 0.42914341688156127, "train/ce_loss": 0.149169921875, "train/seg_cls_loss": 0.10927734375, "train/kl_loss": 0.0001554727554321289, "train/mask_bce_loss": 0.018144336342811585, "train/mask_dice_loss": 0.0945133090019226, "train/mask_loss": 0.11265764757990837, "metrics/total_secs_per_batch": 27.027514219284058, "metrics/data_secs_per_batch": 13.007528305053711, "_timestamp": 1741501886.9249425, "_runtime": 2069.9512135982513, "_step": 68, "train/lr": 0.00021899999999999998, "_wandb": {"runtime": 2089}}