{"train/loss": 1.167347252368927, "train/ce_loss": 0.3591796875, "train/seg_cls_loss": 0.022149658203125, "train/kl_loss": 0.2677734375, "train/mask_bce_loss": 0.14326114375144244, "train/mask_dice_loss": 0.7530561029911041, "train/mask_loss": 0.8963172376155853, "metrics/total_secs_per_batch": 6.1825971603393555, "metrics/data_secs_per_batch": 2.969810390472412, "_timestamp": 1740907071.7400117, "_runtime": 3119.7866837978363, "_step": 499, "train/lr": 0.00028918072289156626, "_wandb": {"runtime": 3147}}