{"train/loss": 0.1336862001568079, "train/ce_loss": 0.0367919921875, "train/seg_cls_loss": 0.0027312278747558595, "train/kl_loss": 0.0, "train/mask_bce_loss": 0.003731728810817003, "train/mask_dice_loss": 0.010494640073738992, "train/mask_loss": 0.014226369559764862, "metrics/total_secs_per_batch": 25.065003871917725, "metrics/data_secs_per_batch": 10.850702261924743, "_timestamp": 1756341147.130949, "_runtime": 28596.410776138306, "_step": 999, "train/lr": 0.0, "val/giou": 0.08971482515335083, "val/ciou": 0.09192387014627457, "val/b_acc": 0.04577443962045394, "val/i_acc": 0.0013227513210016517, "val/o_acc": 0.9999999999981457, "_wandb": {"runtime": 28726}}