{"train/loss": 0.2016808845102787, "train/ce_loss": 0.04837646484375, "train/seg_cls_loss": 0.007122802734375, "train/kl_loss": 0.005523681640625, "train/mask_bce_loss": 0.010449563059955836, "train/mask_dice_loss": 0.06298365332186222, "train/mask_loss": 0.07343321666121483, "metrics/total_secs_per_batch": 11.357883214950562, "metrics/data_secs_per_batch": 5.550170516967773, "_timestamp": 1741638340.467028, "_runtime": 5914.183684825897, "_step": 498, "train/lr": 0.00029462650602409636}