{"train/loss": 0.6901325106620788, "train/ce_loss": 0.19951171875, "train/seg_cls_loss": 0.022589111328125, "train/kl_loss": 1.0699033737182617e-05, "train/mask_bce_loss": 0.04930328689515591, "train/mask_dice_loss": 0.08672913983464241, "train/mask_loss": 0.13603242337703705, "metrics/total_secs_per_batch": 55.17344856262207, "metrics/data_secs_per_batch": 23.51350908279419, "_timestamp": 1741834394.0484045, "_runtime": 9196.201867341995, "_step": 120, "train/lr": 1.9975100401606426e-05, "_wandb": {"runtime": 9242}}