{"_wandb": {"runtime": 1053}, "train/loss": 0.9252383708953857, "train/ce_loss": 0.2193359375, "train/seg_cls_loss": 0.07373046875, "train/kl_loss": 0.0, "train/mask_bce_loss": 0.036031497665680944, "train/mask_dice_loss": 0.06088520213961601, "train/mask_loss": 0.0969167023897171, "metrics/total_secs_per_batch": 26.89406156539917, "metrics/data_secs_per_batch": 13.62703709602356, "_timestamp": 1755730214.7970033, "_runtime": 287.2933192253113, "_step": 0}