{"train/loss": 0.2721516855061054, "train/ce_loss": 0.023682701587677, "train/seg_cls_loss": 9.463110473006963e-09, "train/kl_loss": 0.0, "train/mask_bce_loss": 0.005166462785564363, "train/mask_dice_loss": 0.03969178572297096, "train/mask_loss": 0.04485824909061194, "metrics/total_secs_per_batch": 62.658390283584595, "metrics/data_secs_per_batch": 29.188499522209167, "_timestamp": 1744595680.5053537, "_runtime": 432037.0001657009, "_step": 20636, "train/lr": 4.145783132530121e-05, "_wandb": {"runtime": 432105}}