{"train/loss": 0.4137080304324627, "train/ce_loss": 0.04359130859375, "train/seg_cls_loss": 0.0010545730590820312, "train/kl_loss": 0.00423583984375, "train/mask_bce_loss": 0.012071327259764075, "train/mask_dice_loss": 0.08528685569763184, "train/mask_loss": 0.09735818114131689, "metrics/total_secs_per_batch": 84.45162796974182, "metrics/data_secs_per_batch": 40.31733691692352, "_timestamp": 1741820419.268494, "_runtime": 155487.83233880997, "_step": 499, "train/lr": 0.000268144578313253, "_wandb": {"runtime": 159980}}