{"train/loss": NaN, "train/ce_loss": 0.21650390625, "train/seg_cls_loss": NaN, "train/kl_loss": 0.0, "train/mask_bce_loss": 0.05056727565824985, "train/mask_dice_loss": 0.08236953541636467, "train/mask_loss": 0.13293681368231774, "metrics/total_secs_per_batch": 22.963706016540527, "metrics/data_secs_per_batch": 10.359770059585571, "_timestamp": 1742622462.0554707, "_runtime": 87554.9300096035, "_step": 1990, "train/lr": 0.0002772771084337349, "_wandb": {"runtime": 87576}}