{"train/loss": 0.5000079572200775, "train/ce_loss": 0.0106475830078125, "train/seg_cls_loss": 9.641996712161926e-09, "train/kl_loss": 0.0, "train/mask_bce_loss": 0.004565040493616834, "train/mask_dice_loss": 0.06002916768193245, "train/mask_loss": 0.06459421031177044, "metrics/total_secs_per_batch": 18.224658012390137, "metrics/data_secs_per_batch": 7.605892276763916, "_timestamp": 1746818363.8183491, "_runtime": 67006.6470181942, "_step": 2999, "train/lr": 0.0, "val/giou": 0.2935836613178253, "val/ciou": 0.43920376896858215, "val/b_acc": 0.9999999997211688, "val/i_acc": 0.7187201067922708, "val/o_acc": 0.9999995171171459, "_wandb": {"runtime": 67010}}