{"train/loss": 0.2769289627671242, "train/ce_loss": 0.05018310546875, "train/seg_cls_loss": 0.00576019287109375, "train/kl_loss": 0.0067901611328125, "train/mask_bce_loss": 0.028921819222159684, "train/mask_dice_loss": 0.08136883042752743, "train/mask_loss": 0.1102906510233879, "metrics/total_secs_per_batch": 26.638232469558716, "metrics/data_secs_per_batch": 11.186548233032227, "_timestamp": 1741543374.4428518, "_runtime": 13420.40736079216, "_step": 474, "train/lr": 0.00029493975903614457, "_wandb": {"runtime": 13430}}