{"train/loss": 0.38793004900217054, "train/ce_loss": 0.01740550994873047, "train/seg_cls_loss": 6.585568189620972e-05, "train/kl_loss": 0.0, "train/mask_bce_loss": 0.011422559851780534, "train/mask_dice_loss": 0.04344432670623064, "train/mask_loss": 0.054866885766386986, "metrics/total_secs_per_batch": 56.16804599761963, "metrics/data_secs_per_batch": 26.666898345947267, "_timestamp": 1743544471.9811811, "_runtime": 140415.69903612137, "_step": 2034, "train/lr": 0.00027431325301204815, "_wandb": {"runtime": 140480}}