{"train/loss": 1.3159851484000682, "train/ce_loss": 0.0492431640625, "train/seg_cls_loss": 0.0055206298828125, "train/kl_loss": 0.0188232421875, "train/mask_bce_loss": 0.04705014917999506, "train/mask_dice_loss": 0.05830713333562017, "train/mask_loss": 0.10535728484392166, "metrics/total_secs_per_batch": 7.924092531204224, "metrics/data_secs_per_batch": 3.5083428382873536, "_timestamp": 1741303353.8715653, "_runtime": 3750.029408454895, "_step": 498, "train/lr": 0.00029462650602409636, "_wandb": {"runtime": 199060}}