{"train/loss": 0.48964969515800477, "train/ce_loss": 0.05755615234375, "train/seg_cls_loss": 0.0008563995361328125, "train/kl_loss": 0.0, "train/mask_bce_loss": 0.021417779615148902, "train/mask_dice_loss": 0.06458458118140697, "train/mask_loss": 0.08600235991179943, "metrics/total_secs_per_batch": 85.97870707511902, "metrics/data_secs_per_batch": 40.472812223434445, "_timestamp": 1745707876.8999906, "_runtime": 61505.29590654373, "_step": 674, "train/lr": 0.00028454032258064515, "_wandb": {"runtime": 61546}}