{"global_step": 500, "loss_lang": 0.08251953125, "segm_loss_loss_ce": 2.095583200454712, "segm_loss_loss_bbox": 0.29741916060447693, "segm_loss_loss_giou": 0.5625228881835938, "segm_loss_loss_mask": 0.029677916318178177, "segm_loss_loss_dice": 1.1364624500274658, "segm_loss_loss_ce_0": 2.1044116020202637, "segm_loss_loss_bbox_0": 0.28668203949928284, "segm_loss_loss_giou_0": 0.7874518036842346, "segm_loss_loss_boxiou_0": 0.5656405091285706, "segm_loss_loss_mask_0": 0.04182529076933861, "segm_loss_loss_dice_0": 1.3252770900726318, "segm_loss_loss_ce_1": 2.077054738998413, "segm_loss_loss_bbox_1": 0.23995962738990784, "segm_loss_loss_giou_1": 0.6629244089126587, "segm_loss_loss_boxiou_1": 0.5305010676383972, "segm_loss_loss_mask_1": 0.011987442150712013, "segm_loss_loss_dice_1": 0.8758103251457214, "segm_loss_loss_ce_2": 1.928336501121521, "segm_loss_loss_bbox_2": 0.16424551606178284, "segm_loss_loss_giou_2": 0.49513062834739685, "segm_loss_loss_boxiou_2": 0.5003181099891663, "segm_loss_loss_mask_2": 0.01094664353877306, "segm_loss_loss_dice_2": 0.8328796625137329, "segm_loss_loss_ce_3": 1.964197039604187, "segm_loss_loss_bbox_3": 0.3199767470359802, "segm_loss_loss_giou_3": 0.584693968296051, "segm_loss_loss_boxiou_3": 0.5501898527145386, "segm_loss_loss_mask_3": 0.02528078481554985, "segm_loss_loss_dice_3": 1.0752919912338257, "segm_loss_loss_ce_4": 2.0399229526519775, "segm_loss_loss_bbox_4": 0.3108214735984802, "segm_loss_loss_giou_4": 0.5706973671913147, "segm_loss_loss_boxiou_4": 0.5391581058502197, "segm_loss_loss_mask_4": 0.03232473134994507, "segm_loss_loss_dice_4": 0.9953473806381226, "segm_loss_loss_bbox_dn": 0.0, "segm_loss_loss_giou_dn": 0.0, "segm_loss_loss_class_dn": 0.0, "segm_loss_loss_bbox_dn_0": 0.0, "segm_loss_loss_giou_dn_0": 0.0, "segm_loss_loss_class_dn_0": 0.0, "segm_loss_loss_bbox_dn_1": 0.0, "segm_loss_loss_giou_dn_1": 0.0, "segm_loss_loss_class_dn_1": 0.0, "segm_loss_loss_bbox_dn_2": 0.0, "segm_loss_loss_giou_dn_2": 0.0, "segm_loss_loss_class_dn_2": 0.0, "segm_loss_loss_bbox_dn_3": 0.0, "segm_loss_loss_giou_dn_3": 0.0, "segm_loss_loss_class_dn_3": 0.0, "segm_loss_loss_bbox_dn_4": 0.0, "segm_loss_loss_giou_dn_4": 0.0, "segm_loss_loss_class_dn_4": 0.0, "segm_loss_loss_ce_enc": 0.40390560030937195, "segm_loss_loss_bbox_enc": 0.07942864298820496, "segm_loss_loss_giou_enc": 0.34480777382850647, "segm_loss_total_loss": 27.399539947509766, "segm_loss_iou_train": 0.8852393627166748, "_timestamp": 1761151966.9722636, "_runtime": 5274.033453464508, "_step": 916, "train/loss": 53.918, "train/grad_norm": 310.5294494628906, "train/learning_rate": 1.0485622221144485e-05, "train/epoch": 0.05882872018119246, "train/global_step": 500, "eval/P@0.5_round0": 0.3953759279734631, "eval/mIoU_round0": 0.32002694300613976, "eval/oIoU_round0": 0.3773334781828424, "eval/P@0.5_round1": 0.29063237568161393, "eval/mIoU_round1": 0.2297646625053404, "eval/oIoU_round1": 0.2680288855791543, "eval/P@0.5_round2": 0.2747849509079839, "eval/mIoU_round2": 0.21466098924279275, "eval/oIoU_round2": 0.22390804447473783, "eval/P@0.5_round3": 0.21624798002056547, "eval/mIoU_round3": 0.1934723801526677, "eval/oIoU_round3": 0.2750897124033032, "eval/P@0.5_round4": 0.16083727211343468, "eval/mIoU_round4": 0.1640425904226957, "eval/oIoU_round4": 0.2577330648870592, "eval/P@0.5_round5": 0.12149532710280121, "eval/mIoU_round5": 0.1288949017707901, "eval/oIoU_round5": 0.12478081820798412, "eval/P@0.5_round6": 0.12180685358255072, "eval/mIoU_round6": 0.12148779515536397, "eval/oIoU_round6": 0.10619451255362354, "eval/P@0.5_round7": 0.1285251964863556, "eval/mIoU_round7": 0.1310154231014535, "eval/oIoU_round7": 0.21162934166291408, "eval/P@0.5_round8": 0.14520958083831248, "eval/mIoU_round8": 0.13519638598321143, "eval/oIoU_round8": 0.2995453513535292, "eval/P@0.5_round9": 0.22881355932200156, "eval/mIoU_round9": 0.19248756311704857, "eval/oIoU_round9": 0.3878234373317345, "eval/P@0.5_round10": 0.2961165048542971, "eval/mIoU_round10": 0.2514814497197106, "eval/oIoU_round10": 0.5522611687727432, "eval/P@0.5_round11": 0.27927927927915347, "eval/mIoU_round11": 0.2259870563540429, "eval/oIoU_round11": 0.46959765952093036, "eval/P@0.5_round12": 0.10476190476180498, "eval/mIoU_round12": 0.15489713123851737, "eval/oIoU_round12": 0.24002556561036642, "eval/P@0.5_round13": 0.0689655172412604, "eval/mIoU_round13": 0.11995617377326277, "eval/oIoU_round13": 0.16996039059405238, "eval/P@0.5_round14": 0.1388888888885031, "eval/mIoU_round14": 0.09936024703885664, "eval/oIoU_round14": 0.06148753119599059, "eval/P@0.5_round15": 0.10526315789418283, "eval/mIoU_round15": 0.08858689155971182, "eval/oIoU_round15": 0.06918052969038013, "eval/P@0.5_round16": 0.0, "eval/mIoU_round16": 0.039635476345486954, "eval/oIoU_round16": 0.03396394906318733}