{"train/loss": 0.8800529599189758, "train/ce_loss": 0.2234375, "train/seg_cls_loss": 0.097998046875, "train/kl_loss": 0.0, "train/mask_bce_loss": 0.037421982549130914, "train/mask_dice_loss": 0.09653662443161011, "train/mask_loss": 0.13395860865712167, "metrics/total_secs_per_batch": 47.27686810493469, "metrics/data_secs_per_batch": 23.70403323173523, "_timestamp": 1743812359.5624075, "_runtime": 429.2793126106262, "_step": 0}