{"train/loss": 0.2579161703586578, "train/ce_loss": 0.0884521484375, "train/seg_cls_loss": 0.078173828125, "train/kl_loss": 0.0025421142578125, "train/mask_bce_loss": 0.0297635686583817, "train/mask_dice_loss": 0.06952185332775115, "train/mask_loss": 0.09928542226552964, "metrics/total_secs_per_batch": 29.884552240371704, "metrics/data_secs_per_batch": 12.605849266052246, "_timestamp": 1741503284.9150164, "_runtime": 3407.327399492264, "_step": 114, "train/lr": 0.00029971084337349394}