{"train/loss": 1.3705078840255738, "train/ce_loss": 0.5330078125, "train/seg_cls_loss": 0.055126953125, "train/kl_loss": 0.248828125, "train/mask_bce_loss": 0.20586967915296556, "train/mask_dice_loss": 0.5476151883602143, "train/mask_loss": 0.7534848570823669, "metrics/total_secs_per_batch": 11.904235601425171, "metrics/data_secs_per_batch": 6.074062371253968, "_timestamp": 1740903827.923315, "_runtime": 743.1219899654388, "_step": 67, "train/lr": 0.0002995903614457831, "_wandb": {"runtime": 750}}