{"train/loss": 1.262675702571869, "train/ce_loss": 0.353515625, "train/seg_cls_loss": 0.119287109375, "train/kl_loss": 0.0, "train/mask_bce_loss": 0.05649158079177141, "train/mask_dice_loss": 0.0846100054681301, "train/mask_loss": 0.14110158756375313, "metrics/total_secs_per_batch": 18.30383062362671, "metrics/data_secs_per_batch": 8.502901601791383, "_timestamp": 1746070228.0995417, "_runtime": 66705.59358859062, "_step": 3955, "train/lr": 0.0}