{"train/loss": 0.3953240543603897, "train/ce_loss": 0.025948739051818846, "train/seg_cls_loss": 0.00010613452177494764, "train/kl_loss": 0.0, "train/mask_bce_loss": 0.011229262733832002, "train/mask_dice_loss": 0.05778499133884907, "train/mask_loss": 0.06901425458490848, "metrics/total_secs_per_batch": 42.237746715545654, "metrics/data_secs_per_batch": 19.83106162548065, "_timestamp": 1744054589.982305, "_runtime": 240116.03385806084, "_step": 5871, "train/lr": 0.00022354216867469877}