{"train/loss": 0.5290991127490997, "train/ce_loss": 0.020159912109375, "train/seg_cls_loss": 3.3424794673919676e-05, "train/kl_loss": 0.0, "train/mask_bce_loss": 0.010170069872401655, "train/mask_dice_loss": 0.06106618344783783, "train/mask_loss": 0.07123625241219997, "metrics/total_secs_per_batch": 22.321380853652954, "metrics/data_secs_per_batch": 9.962814927101135, "_timestamp": 1746651383.4546027, "_runtime": 10801.103287696838, "_step": 499, "train/lr": 1.0547368421052633e-05, "_wandb": {"runtime": 10804}}