{"train/loss": 0.23039761558175087, "train/ce_loss": 0.036934679746627806, "train/seg_cls_loss": 2.186207566410303e-05, "train/kl_loss": 0.041259765625, "train/mask_bce_loss": 0.011700272184680217, "train/mask_dice_loss": 0.02833751207217574, "train/mask_loss": 0.04003778444603086, "metrics/total_secs_per_batch": 11.40159559249878, "metrics/data_secs_per_batch": 5.4524530410766605, "_timestamp": 1743750357.8015566, "_runtime": 349974.8554236889, "_step": 24827, "train/lr": 0.0}