{"train/loss": 1.0438031435012818, "train/ce_loss": 0.3619140625, "train/seg_cls_loss": 0.1154296875, "train/kl_loss": 0.0, "train/mask_bce_loss": 0.05322559103369713, "train/mask_dice_loss": 0.08621298670768737, "train/mask_loss": 0.13943857774138452, "metrics/total_secs_per_batch": 17.44160556793213, "metrics/data_secs_per_batch": 7.854184794425964, "_timestamp": 1746048096.4224384, "_runtime": 50341.76046848297, "_step": 2676, "train/lr": 0.0, "_wandb": {"runtime": 50352}}