{"global_step": 20, "loss_lang": 1.6953125, "segm_loss_loss_ce": 13.643150329589844, "segm_loss_loss_bbox": 3.127439498901367, "segm_loss_loss_giou": 2.9272336959838867, "segm_loss_loss_mask": 6.409184455871582, "segm_loss_loss_dice": 9.725425720214844, "segm_loss_loss_ce_0": 15.128264427185059, "segm_loss_loss_bbox_0": 3.325803518295288, "segm_loss_loss_giou_0": 2.4575552940368652, "segm_loss_loss_boxiou_0": 1.7305949926376343, "segm_loss_loss_mask_0": 5.089447975158691, "segm_loss_loss_dice_0": 9.755651473999023, "segm_loss_loss_ce_1": 15.083203315734863, "segm_loss_loss_bbox_1": 3.598020315170288, "segm_loss_loss_giou_1": 2.4216079711914062, "segm_loss_loss_boxiou_1": 1.977955937385559, "segm_loss_loss_mask_1": 6.414796829223633, "segm_loss_loss_dice_1": 9.714241981506348, "segm_loss_loss_ce_2": 14.774176597595215, "segm_loss_loss_bbox_2": 3.503415822982788, "segm_loss_loss_giou_2": 2.318913698196411, "segm_loss_loss_boxiou_2": 2.0373215675354004, "segm_loss_loss_mask_2": 5.921191215515137, "segm_loss_loss_dice_2": 9.695083618164062, "segm_loss_loss_ce_3": 16.012365341186523, "segm_loss_loss_bbox_3": 1.6723620891571045, "segm_loss_loss_giou_3": 2.3016653060913086, "segm_loss_loss_boxiou_3": 0.8013841509819031, "segm_loss_loss_mask_3": 1.0187697410583496, "segm_loss_loss_dice_3": 9.744373321533203, "segm_loss_loss_ce_4": 13.559636116027832, "segm_loss_loss_bbox_4": 3.139646530151367, "segm_loss_loss_giou_4": 2.880384922027588, "segm_loss_loss_boxiou_4": 2.0220603942871094, "segm_loss_loss_mask_4": 6.395304203033447, "segm_loss_loss_dice_4": 9.7176513671875, "segm_loss_loss_bbox_dn": 0.0, "segm_loss_loss_giou_dn": 0.0, "segm_loss_loss_class_dn": 0.0, "segm_loss_loss_bbox_dn_0": 0.0, "segm_loss_loss_giou_dn_0": 0.0, "segm_loss_loss_class_dn_0": 0.0, "segm_loss_loss_bbox_dn_1": 0.0, "segm_loss_loss_giou_dn_1": 0.0, "segm_loss_loss_class_dn_1": 0.0, "segm_loss_loss_bbox_dn_2": 0.0, "segm_loss_loss_giou_dn_2": 0.0, "segm_loss_loss_class_dn_2": 0.0, "segm_loss_loss_bbox_dn_3": 0.0, "segm_loss_loss_giou_dn_3": 0.0, "segm_loss_loss_class_dn_3": 0.0, "segm_loss_loss_bbox_dn_4": 0.0, "segm_loss_loss_giou_dn_4": 0.0, "segm_loss_loss_class_dn_4": 0.0, "segm_loss_loss_ce_enc": 0.6597264409065247, "segm_loss_loss_bbox_enc": 2.472385883331299, "segm_loss_loss_giou_enc": 1.4674561023712158, "segm_loss_total_loss": 224.64500427246094, "segm_loss_iou_train": 0.014671601355075836, "_timestamp": 1761033168.03974, "_runtime": 292.8796281814575, "_step": 91, "train/loss": 177.9583, "train/grad_norm": 632.1409912109375, "train/learning_rate": 2.2564102564102566e-06, "train/epoch": 0.006794617251268476, "train/global_step": 22}