{"train/loss": 0.4911427885293961, "train/ce_loss": 0.187744140625, "train/seg_cls_loss": 0.018316650390625, "train/kl_loss": 8.416175842285156e-06, "train/mask_bce_loss": 0.04062320115044713, "train/mask_dice_loss": 0.09283881410956382, "train/mask_loss": 0.13346201553940773, "metrics/total_secs_per_batch": 54.31443119049072, "metrics/data_secs_per_batch": 24.582930159568786, "_timestamp": 1741840433.1851296, "_runtime": 7647.957431554794, "_step": 113, "train/lr": 1.998152610441767e-05}