{"train/loss": 0.3249391198158264, "train/ce_loss": 0.024137187004089355, "train/seg_cls_loss": 8.493196219205856e-06, "train/kl_loss": 0.0, "train/mask_bce_loss": 0.008633263046795037, "train/mask_dice_loss": 0.03543714042752981, "train/mask_loss": 0.044070403650403024, "metrics/total_secs_per_batch": 22.62606382369995, "metrics/data_secs_per_batch": 10.771750378608704, "_timestamp": 1744132731.3795469, "_runtime": 73733.37241292, "_step": 2852, "train/lr": 0.00026348192771084335, "_wandb": {"runtime": 73761}}