{"train/loss": 0.265690229088068, "train/ce_loss": 0.0614013671875, "train/seg_cls_loss": 0.0048797607421875, "train/kl_loss": 0.0007984161376953125, "train/mask_bce_loss": 0.020291572413407268, "train/mask_dice_loss": 0.07922346517443657, "train/mask_loss": 0.09951503723859786, "metrics/total_secs_per_batch": 34.16442346572876, "metrics/data_secs_per_batch": 15.33631091117859, "_timestamp": 1741870423.043117, "_runtime": 18116.48860692978, "_step": 499, "train/lr": 1.9640160642570282e-05, "_wandb": {"runtime": 18172}}