{"train/loss": 0.5293021917343139, "train/ce_loss": 0.23818359375, "train/seg_cls_loss": 0.0875, "train/kl_loss": 0.007596009969711303, "train/mask_bce_loss": 0.04721768805757165, "train/mask_dice_loss": 0.07465997859835624, "train/mask_loss": 0.12187766581773758, "metrics/total_secs_per_batch": 27.607614040374756, "metrics/data_secs_per_batch": 12.89463288784027, "_timestamp": 1741494572.9369447, "_runtime": 590.750593662262, "_step": 14, "train/lr": 4.2e-05, "_wandb": {"runtime": 594}}