{"train/loss": 0.7870282232761383, "train/ce_loss": 0.28359375, "train/seg_cls_loss": 0.114111328125, "train/kl_loss": 7.429718971252442e-06, "train/mask_bce_loss": 0.05088771493174136, "train/mask_dice_loss": 0.09756320118904113, "train/mask_loss": 0.148450917750597, "metrics/total_secs_per_batch": 67.5416476726532, "metrics/data_secs_per_batch": 30.938174962997437, "_timestamp": 1741824888.4180305, "_runtime": 2870.4902255535126, "_step": 36, "train/lr": 7.600000000000001e-06, "_wandb": {"runtime": 2913}}