{"train/loss": 0.7875043848547778, "train/ce_loss": 0.08117675104777074, "train/seg_cls_loss": 0.0041229244611104615, "train/kl_loss": 0.0, "train/mask_bce_loss": 0.026418141309306704, "train/mask_dice_loss": 0.08066163185597648, "train/mask_loss": 0.10707977515210451, "metrics/total_secs_per_batch": 81.57582503103109, "metrics/data_secs_per_batch": 35.00771870219533, "_timestamp": 1754479074.595024, "_runtime": 16741.79639816284, "_step": 204, "train/lr": 0.00029702419354838707}