{"train/loss": 75.57816467285156, "train/ce_loss": 0.23056640625, "train/seg_cls_loss": 37.3, "train/kl_loss": 0.0, "train/mask_bce_loss": 0.047093241661787036, "train/mask_dice_loss": 0.09399611130356789, "train/mask_loss": 0.14108935445547105, "metrics/total_secs_per_batch": 65.48036670684814, "metrics/data_secs_per_batch": 29.338837122917177, "_timestamp": 1744608972.9097002, "_runtime": 176708.64443325996, "_step": 2346, "train/lr": 0.00027299999999999997}