{"train/loss": 0.6053054600954055, "train/ce_loss": 0.046044921875, "train/seg_cls_loss": 0.0075927734375, "train/kl_loss": 0.0, "train/mask_bce_loss": 0.01671517207287252, "train/mask_dice_loss": 0.06383302249014378, "train/mask_loss": 0.08054819367825986, "metrics/total_secs_per_batch": 152.19602465629578, "metrics/data_secs_per_batch": 70.98567118644715, "_timestamp": 1746758690.5010407, "_runtime": 3643.7818257808685, "_step": 20, "train/lr": 0.00011999999999999999}