{"train/loss": 48.34102363586426, "train/ce_loss": 0.2806640625, "train/seg_cls_loss": 23.7125, "train/kl_loss": 0.0, "train/mask_bce_loss": 0.03862510733306408, "train/mask_dice_loss": 0.09396193102002144, "train/mask_loss": 0.13258703872561456, "metrics/total_secs_per_batch": 45.44114899635315, "metrics/data_secs_per_batch": 19.958664464950562, "_timestamp": 1744480773.0241601, "_runtime": 43665.06462407112, "_step": 940, "train/lr": 0.0002898915662650602}