{"train/loss": 0.48168557584285737, "train/ce_loss": 0.19453125, "train/seg_cls_loss": 0.0494140625, "train/kl_loss": 7.334351539611816e-06, "train/mask_bce_loss": 0.03733108290471136, "train/mask_dice_loss": 0.09390232786536216, "train/mask_loss": 0.13123341128230095, "metrics/total_secs_per_batch": 48.67792224884033, "metrics/data_secs_per_batch": 21.53605720996857, "_timestamp": 1741844197.3465457, "_runtime": 3620.4208285808563, "_step": 61, "train/lr": 1.3200000000000002e-05, "_wandb": {"runtime": 3637}}