{"train/loss": 0.3905302077531815, "train/ce_loss": 0.04837646484375, "train/seg_cls_loss": 1.7264392226934434e-08, "train/kl_loss": 0.0, "train/mask_bce_loss": 0.01212305047083646, "train/mask_dice_loss": 0.039743033424019816, "train/mask_loss": 0.05186608359217644, "metrics/total_secs_per_batch": 48.21287441253662, "metrics/data_secs_per_batch": 22.04281096458435, "_timestamp": 1748382359.1263664, "_runtime": 596102.1915283203, "_step": 12499, "train/lr": 0.0, "val/giou": 0.4390312135219574, "val/ciou": 0.4255065619945526, "val/macro_gIoU": 0.0, "val/micro_gIoU": 0.0, "val/b_acc": 0.014999999250000038, "val/i_acc": 0.43764320642342647, "val/o_acc": 0.9994238057620282, "_wandb": {"runtime": 596104}}