{"train/loss": NaN, "train/ce_loss": 0.21943359375, "train/seg_cls_loss": 0.106884765625, "train/kl_loss": 0.0, "train/mask_bce_loss": NaN, "train/mask_dice_loss": NaN, "train/mask_loss": NaN, "metrics/total_secs_per_batch": 65.11288404464722, "metrics/data_secs_per_batch": 30.701702857017516, "_timestamp": 1742706711.8752017, "_runtime": 889.5446357727051, "_step": 7, "train/lr": 1.7999999999999997e-05}