{"train/loss": 0.34253171384334563, "train/ce_loss": 0.06767578125, "train/seg_cls_loss": 0.017083740234375, "train/kl_loss": 0.00174407958984375, "train/mask_bce_loss": 0.02945097777992487, "train/mask_dice_loss": 0.0908773735165596, "train/mask_loss": 0.1203283503651619, "metrics/total_secs_per_batch": 53.9379780292511, "metrics/data_secs_per_batch": 25.318873405456543, "_timestamp": 1741881806.3084588, "_runtime": 5081.041551828384, "_step": 97, "train/lr": 0.00029993975903614453, "_wandb": {"runtime": 5089}}