{"train/loss": 1.102091513722727, "train/ce_loss": 0.24199212700196823, "train/seg_cls_loss": 0.10034177178955704, "train/kl_loss": 0.0, "train/mask_bce_loss": 0.05390847169706115, "train/mask_dice_loss": 0.09191037502884544, "train/mask_loss": 0.1458188407654436, "metrics/total_secs_per_batch": 27.75311135651353, "metrics/data_secs_per_batch": 16.825121287146388, "_timestamp": 1742331326.2851634, "_runtime": 186.20495748519897, "_step": 0}