{"train/loss": 0.45640207529067994, "train/ce_loss": 0.026068115234375, "train/seg_cls_loss": 1.3695098459720613e-07, "train/kl_loss": 0.0, "train/mask_bce_loss": 0.006890552025288344, "train/mask_dice_loss": 0.06942852772772312, "train/mask_loss": 0.07631907984614372, "metrics/total_secs_per_batch": 17.129210948944092, "metrics/data_secs_per_batch": 7.744271540641785, "_timestamp": 1746089869.2457802, "_runtime": 19256.54039812088, "_step": 1120, "train/lr": 0.00028612382558419654, "_wandb": {"runtime": 19268}}