{"train/loss": 0.510996013879776, "train/ce_loss": 0.027156257629394533, "train/seg_cls_loss": 2.2878870368003845e-05, "train/kl_loss": 0.0, "train/mask_bce_loss": 0.014546802453696727, "train/mask_dice_loss": 0.05683887712657452, "train/mask_loss": 0.07138568051159382, "metrics/total_secs_per_batch": 38.13868808746338, "metrics/data_secs_per_batch": 17.84294216632843, "_timestamp": 1744054595.1354642, "_runtime": 239420.51542329788, "_step": 5905, "train/lr": 0.00022309638554216866}