{"train/loss": 0.10641704127192497, "train/ce_loss": 0.024299240112304686, "train/seg_cls_loss": 0.0008256912231445312, "train/kl_loss": 0.002165985107421875, "train/mask_bce_loss": 0.019788511982187628, "train/mask_dice_loss": 0.08211509734392167, "train/mask_loss": 0.1019036091864109, "metrics/total_secs_per_batch": 37.30062508583069, "metrics/data_secs_per_batch": 16.700495314598083, "_timestamp": 1741870693.3594835, "_runtime": 18263.237985372543, "_step": 499, "train/lr": 0.0002946024096385542, "_wandb": {"runtime": 18318}}