{"train/loss": 1.3450749874114991, "train/ce_loss": 0.2029296875, "train/seg_cls_loss": 0.121484375, "train/kl_loss": 0.0, "train/mask_bce_loss": 0.057036593556404114, "train/mask_dice_loss": 0.0982111632823944, "train/mask_loss": 0.15524775832891463, "metrics/total_secs_per_batch": 21.840991258621216, "metrics/data_secs_per_batch": 10.984224486351014, "_timestamp": 1746640495.94283, "_runtime": 307.6023781299591, "_step": 0}