{"train/loss": 0.48824497163295744, "train/ce_loss": 0.03677978515625, "train/seg_cls_loss": 4.048645496368408e-06, "train/kl_loss": 0.0, "train/mask_bce_loss": 0.020195665769279003, "train/mask_dice_loss": 0.051386979222297666, "train/mask_loss": 0.07158264480531215, "metrics/total_secs_per_batch": 41.2071487903595, "metrics/data_secs_per_batch": 18.72033545970917, "_timestamp": 1746579245.077071, "_runtime": 13918.532561063766, "_step": 2337, "train/lr": 0.00025364516129032256}