{"train/loss": 0.8724681049585342, "train/ce_loss": 0.04490966796875, "train/seg_cls_loss": 0.015057373046875, "train/kl_loss": 0.001323699951171875, "train/mask_bce_loss": 0.02346825315617025, "train/mask_dice_loss": 0.07504534795880317, "train/mask_loss": 0.09851360097527503, "metrics/total_secs_per_batch": 66.38840174674988, "metrics/data_secs_per_batch": 31.48977138996124, "_timestamp": 1742253593.853563, "_runtime": 3084.2034270763397, "_step": 93, "train/lr": 0.0002999879518072289, "_wandb": {"runtime": 3103}}