{"train/loss": 1.8969452857971192, "train/ce_loss": 0.313525390625, "train/seg_cls_loss": 0.022998046875, "train/kl_loss": 0.13876953125, "train/mask_bce_loss": 0.11287083034403622, "train/mask_dice_loss": 0.638409423828125, "train/mask_loss": 0.7512802481651306, "metrics/total_secs_per_batch": 7.7264299392700195, "metrics/data_secs_per_batch": 3.4030617475509644, "_timestamp": 1740986273.787469, "_runtime": 3848.2409329414368, "_step": 498, "train/lr": 0.00028920481927710844, "_wandb": {"runtime": 164459}}