{"train/loss": 0.19967454075813293, "train/ce_loss": 0.02233259379863739, "train/seg_cls_loss": 1.743994071148336e-05, "train/kl_loss": 0.0404296875, "train/mask_bce_loss": 0.013209436339093373, "train/mask_dice_loss": 0.037727071018889544, "train/mask_loss": 0.050936507526785135, "metrics/total_secs_per_batch": 27.27978277206421, "metrics/data_secs_per_batch": 12.046890258789062, "_timestamp": 1742681427.6136398, "_runtime": 227018.65085077286, "_step": 6014, "_wandb": {"runtime": 227262}}