{"train/loss": 0.22799194529652594, "train/ce_loss": 0.12529296875, "train/seg_cls_loss": 0.10205078125, "train/kl_loss": 0.0, "train/mask_bce_loss": 0.05133972121402621, "train/mask_dice_loss": 0.08207392059266568, "train/mask_loss": 0.1334136426448822, "metrics/total_secs_per_batch": 21.505475521087646, "metrics/data_secs_per_batch": 10.64565942287445, "_timestamp": 1743808487.0352144, "_runtime": 121.75328731536865, "_step": 0, "_wandb": {"runtime": 228}}