{"global_step": 0, "loss_lang": 2.203125, "segm_loss_loss_ce": 24.377573013305664, "segm_loss_loss_bbox": 2.2917168140411377, "segm_loss_loss_giou": 3.238985061645508, "segm_loss_loss_mask": 0.16006895899772644, "segm_loss_loss_dice": 8.150662422180176, "segm_loss_loss_ce_0": 23.818195343017578, "segm_loss_loss_bbox_0": 2.755380630493164, "segm_loss_loss_giou_0": 3.020660161972046, "segm_loss_loss_boxiou_0": 0.9217938184738159, "segm_loss_loss_mask_0": 0.1594950258731842, "segm_loss_loss_dice_0": 9.60389518737793, "segm_loss_loss_ce_1": 20.672374725341797, "segm_loss_loss_bbox_1": 1.9401544332504272, "segm_loss_loss_giou_1": 3.0937931537628174, "segm_loss_loss_boxiou_1": 1.0866371393203735, "segm_loss_loss_mask_1": 0.24360708892345428, "segm_loss_loss_dice_1": 8.178838729858398, "segm_loss_loss_ce_2": 21.32207679748535, "segm_loss_loss_bbox_2": 1.6313166618347168, "segm_loss_loss_giou_2": 3.2022194862365723, "segm_loss_loss_boxiou_2": 1.4124778509140015, "segm_loss_loss_mask_2": 0.3879961669445038, "segm_loss_loss_dice_2": 8.732158660888672, "segm_loss_loss_ce_3": 21.5245418548584, "segm_loss_loss_bbox_3": 2.5775644779205322, "segm_loss_loss_giou_3": 3.2861440181732178, "segm_loss_loss_boxiou_3": 0.8821894526481628, "segm_loss_loss_mask_3": 0.31720641255378723, "segm_loss_loss_dice_3": 8.77434253692627, "segm_loss_loss_ce_4": 22.877241134643555, "segm_loss_loss_bbox_4": 2.2404470443725586, "segm_loss_loss_giou_4": 3.218249559402466, "segm_loss_loss_boxiou_4": 1.0642802715301514, "segm_loss_loss_mask_4": 0.2922120690345764, "segm_loss_loss_dice_4": 7.333003044128418, "segm_loss_loss_bbox_dn": 0.0, "segm_loss_loss_giou_dn": 0.0, "segm_loss_loss_class_dn": 0.0, "segm_loss_loss_bbox_dn_0": 0.0, "segm_loss_loss_giou_dn_0": 0.0, "segm_loss_loss_class_dn_0": 0.0, "segm_loss_loss_bbox_dn_1": 0.0, "segm_loss_loss_giou_dn_1": 0.0, "segm_loss_loss_class_dn_1": 0.0, "segm_loss_loss_bbox_dn_2": 0.0, "segm_loss_loss_giou_dn_2": 0.0, "segm_loss_loss_class_dn_2": 0.0, "segm_loss_loss_bbox_dn_3": 0.0, "segm_loss_loss_giou_dn_3": 0.0, "segm_loss_loss_class_dn_3": 0.0, "segm_loss_loss_bbox_dn_4": 0.0, "segm_loss_loss_giou_dn_4": 0.0, "segm_loss_loss_class_dn_4": 0.0, "segm_loss_loss_ce_enc": 2.5390262603759766, "segm_loss_loss_bbox_enc": 0.23629051446914673, "segm_loss_loss_giou_enc": 1.3525713682174683, "segm_loss_total_loss": 228.91754150390625, "segm_loss_iou_train": 0.014251255430281162, "_timestamp": 1761222122.6920311, "_runtime": 129.2615990638733, "_step": 12, "train/loss": 226.4062, "train/grad_norm": 2581.19970703125, "train/learning_rate": 2.0000000000000003e-06, "train/epoch": 0.0008824308027178869, "train/global_step": 3}