{"train/loss": 0.24775225222110747, "train/ce_loss": 0.035162508487701416, "train/seg_cls_loss": 2.213381230831146e-06, "train/kl_loss": 0.0, "train/mask_bce_loss": 0.00785248955944553, "train/mask_dice_loss": 0.03280797712504864, "train/mask_loss": 0.04066046681255102, "metrics/total_secs_per_batch": 102.14920663833618, "metrics/data_secs_per_batch": 45.10713453292847, "_timestamp": 1745385541.5752037, "_runtime": 432352.69415163994, "_step": 5399, "train/lr": 0.00022978313253012046, "_wandb": {"runtime": 432412}}