{"train/loss": 0.41716155111789704, "train/ce_loss": 0.0069183349609375, "train/seg_cls_loss": 7.568701221316587e-11, "train/kl_loss": 0.0, "train/mask_bce_loss": 0.004779128392692655, "train/mask_dice_loss": 0.050084781460464, "train/mask_loss": 0.054863907769322394, "metrics/total_secs_per_batch": 20.334665298461914, "metrics/data_secs_per_batch": 9.047310733795166, "_timestamp": 1747147445.992073, "_runtime": 133169.84365797043, "_step": 5650, "train/lr": 0.0, "val/giou": 0.6734259128570557, "val/ciou": 0.7603660225868225, "val/macro_gIoU": 0.8080686127305401, "val/micro_gIoU": 0.8080686127305401, "val/b_acc": 0.99999999919543, "val/i_acc": 0.15863032807213995, "val/o_acc": 0.9999999999925393, "_wandb": {"runtime": 133204}}