{"global_step": 0, "loss_lang": 2.1875, "segm_loss_loss_ce": 15.238483428955078, "segm_loss_loss_bbox": 6.409528732299805, "segm_loss_loss_giou": 3.7443103790283203, "segm_loss_loss_mask": 3.1873254776000977, "segm_loss_loss_dice": 9.80965518951416, "segm_loss_loss_ce_0": 16.970569610595703, "segm_loss_loss_bbox_0": 7.340390682220459, "segm_loss_loss_giou_0": 3.9663851261138916, "segm_loss_loss_boxiou_0": 1.8540560007095337, "segm_loss_loss_mask_0": 2.6299257278442383, "segm_loss_loss_dice_0": 9.924569129943848, "segm_loss_loss_ce_1": 17.027713775634766, "segm_loss_loss_bbox_1": 6.913094520568848, "segm_loss_loss_giou_1": 3.9224424362182617, "segm_loss_loss_boxiou_1": 1.9637547731399536, "segm_loss_loss_mask_1": 3.1457302570343018, "segm_loss_loss_dice_1": 9.92512321472168, "segm_loss_loss_ce_2": 15.661853790283203, "segm_loss_loss_bbox_2": 6.252363204956055, "segm_loss_loss_giou_2": 3.789733409881592, "segm_loss_loss_boxiou_2": 2.0848798751831055, "segm_loss_loss_mask_2": 2.7451720237731934, "segm_loss_loss_dice_2": 9.805875778198242, "segm_loss_loss_ce_3": 14.950963973999023, "segm_loss_loss_bbox_3": 6.423388481140137, "segm_loss_loss_giou_3": 3.782844066619873, "segm_loss_loss_boxiou_3": 2.432464599609375, "segm_loss_loss_mask_3": 2.976484775543213, "segm_loss_loss_dice_3": 9.834787368774414, "segm_loss_loss_ce_4": 14.886210441589355, "segm_loss_loss_bbox_4": 6.599907875061035, "segm_loss_loss_giou_4": 3.750288724899292, "segm_loss_loss_boxiou_4": 2.6460084915161133, "segm_loss_loss_mask_4": 3.578193426132202, "segm_loss_loss_dice_4": 9.813261985778809, "segm_loss_loss_bbox_dn": 0.0, "segm_loss_loss_giou_dn": 0.0, "segm_loss_loss_class_dn": 0.0, "segm_loss_loss_bbox_dn_0": 0.0, "segm_loss_loss_giou_dn_0": 0.0, "segm_loss_loss_class_dn_0": 0.0, "segm_loss_loss_bbox_dn_1": 0.0, "segm_loss_loss_giou_dn_1": 0.0, "segm_loss_loss_class_dn_1": 0.0, "segm_loss_loss_bbox_dn_2": 0.0, "segm_loss_loss_giou_dn_2": 0.0, "segm_loss_loss_class_dn_2": 0.0, "segm_loss_loss_bbox_dn_3": 0.0, "segm_loss_loss_giou_dn_3": 0.0, "segm_loss_loss_class_dn_3": 0.0, "segm_loss_loss_bbox_dn_4": 0.0, "segm_loss_loss_giou_dn_4": 0.0, "segm_loss_loss_class_dn_4": 0.0, "segm_loss_loss_ce_enc": 2.2995426654815674, "segm_loss_loss_bbox_enc": 0.8536651730537415, "segm_loss_loss_giou_enc": 2.4502475261688232, "segm_loss_total_loss": 251.5913848876953, "segm_loss_iou_train": 0.0031615672633051872, "_timestamp": 1761030898.386442, "_runtime": 13.663295030593872, "_step": 0, "_wandb": {"runtime": 17}}