{"train/loss": 0.44970456659793856, "train/ce_loss": 0.181591796875, "train/seg_cls_loss": 0.0219635009765625, "train/kl_loss": 9.059906005859375e-06, "train/mask_bce_loss": 0.03977242410182953, "train/mask_dice_loss": 0.08875173106789588, "train/mask_loss": 0.1285241536796093, "metrics/total_secs_per_batch": 49.771456480026245, "metrics/data_secs_per_batch": 23.552732396125794, "_timestamp": 1741895190.8715334, "_runtime": 1805.648960351944, "_step": 31, "train/lr": 9.9e-05, "_wandb": {"runtime": 1850}}