{"train/loss": 0.35501271560788156, "train/ce_loss": 0.04387497901916504, "train/seg_cls_loss": 0.00048002004623413084, "train/kl_loss": 0.02406005859375, "train/mask_bce_loss": 0.02119972454383969, "train/mask_dice_loss": 0.06694787256419658, "train/mask_loss": 0.08814759626984596, "metrics/total_secs_per_batch": 37.12026929855347, "metrics/data_secs_per_batch": 16.425836038589477, "_timestamp": 1743239307.5406148, "_runtime": 21176.42961883545, "_step": 558, "train/lr": 0.0002938433734939759}