{"train/loss": 0.42438245862722396, "train/ce_loss": 0.0019052505493164062, "train/seg_cls_loss": 0.0050262451171875, "train/kl_loss": 0.0, "train/mask_bce_loss": 0.02815101514570415, "train/mask_dice_loss": 0.05935455188155174, "train/mask_loss": 0.0875055655837059, "metrics/total_secs_per_batch": 31.017313241958618, "metrics/data_secs_per_batch": 13.132146763801575, "_timestamp": 1744859205.7397733, "_runtime": 13921.252907276154, "_step": 229, "train/lr": 0.00029818072289156626}