{"train/loss": 0.3939778834581375, "train/ce_loss": 0.045068359375, "train/seg_cls_loss": 8.684219210408628e-09, "train/kl_loss": 0.0, "train/mask_bce_loss": 0.010759450122714042, "train/mask_dice_loss": 0.0409250495955348, "train/mask_loss": 0.05168450027704239, "metrics/total_secs_per_batch": 59.34252119064331, "metrics/data_secs_per_batch": 27.43941488265991, "_timestamp": 1754207301.6012044, "_runtime": 696350.434520483, "_step": 12499, "train/lr": 0.0, "val/giou": 0.44775035977363586, "val/ciou": 0.41936856508255005, "val/macro_gIoU": 0.0, "val/micro_gIoU": 0.0, "val/b_acc": 0.004999999750000012, "val/i_acc": 0.49602911814682615, "val/o_acc": 0.9997284984464495, "_wandb": {"runtime": 696353}}