{"global_step": 500, "loss_lang": 0.057373046875, "segm_loss_loss_ce": 1.7494217157363892, "segm_loss_loss_bbox": 0.07503928989171982, "segm_loss_loss_giou": 0.24969279766082764, "segm_loss_loss_mask": 0.19495926797389984, "segm_loss_loss_dice": 2.320712089538574, "segm_loss_loss_ce_0": 2.0139293670654297, "segm_loss_loss_bbox_0": 0.1449202448129654, "segm_loss_loss_giou_0": 0.45781630277633667, "segm_loss_loss_boxiou_0": 0.3128083050251007, "segm_loss_loss_mask_0": 0.08732408285140991, "segm_loss_loss_dice_0": 2.3454747200012207, "segm_loss_loss_ce_1": 2.019711494445801, "segm_loss_loss_bbox_1": 0.08125301450490952, "segm_loss_loss_giou_1": 0.25946035981178284, "segm_loss_loss_boxiou_1": 0.26604631543159485, "segm_loss_loss_mask_1": 0.13781756162643433, "segm_loss_loss_dice_1": 2.2767810821533203, "segm_loss_loss_ce_2": 2.199211359024048, "segm_loss_loss_bbox_2": 0.07202144712209702, "segm_loss_loss_giou_2": 0.25599029660224915, "segm_loss_loss_boxiou_2": 0.2464892864227295, "segm_loss_loss_mask_2": 0.16887597739696503, "segm_loss_loss_dice_2": 2.2556114196777344, "segm_loss_loss_ce_3": 1.7679328918457031, "segm_loss_loss_bbox_3": 0.07208926230669022, "segm_loss_loss_giou_3": 0.23788002133369446, "segm_loss_loss_boxiou_3": 0.23484376072883606, "segm_loss_loss_mask_3": 0.14049965143203735, "segm_loss_loss_dice_3": 2.0036396980285645, "segm_loss_loss_ce_4": 1.8348262310028076, "segm_loss_loss_bbox_4": 0.07459848374128342, "segm_loss_loss_giou_4": 0.24258902668952942, "segm_loss_loss_boxiou_4": 0.2383977323770523, "segm_loss_loss_mask_4": 0.16157296299934387, "segm_loss_loss_dice_4": 2.159571886062622, "segm_loss_loss_bbox_dn": 0.0, "segm_loss_loss_giou_dn": 0.0, "segm_loss_loss_class_dn": 0.0, "segm_loss_loss_bbox_dn_0": 0.0, "segm_loss_loss_giou_dn_0": 0.0, "segm_loss_loss_class_dn_0": 0.0, "segm_loss_loss_bbox_dn_1": 0.0, "segm_loss_loss_giou_dn_1": 0.0, "segm_loss_loss_class_dn_1": 0.0, "segm_loss_loss_bbox_dn_2": 0.0, "segm_loss_loss_giou_dn_2": 0.0, "segm_loss_loss_class_dn_2": 0.0, "segm_loss_loss_bbox_dn_3": 0.0, "segm_loss_loss_giou_dn_3": 0.0, "segm_loss_loss_class_dn_3": 0.0, "segm_loss_loss_bbox_dn_4": 0.0, "segm_loss_loss_giou_dn_4": 0.0, "segm_loss_loss_class_dn_4": 0.0, "segm_loss_loss_ce_enc": 1.060398817062378, "segm_loss_loss_bbox_enc": 0.03841232508420944, "segm_loss_loss_giou_enc": 0.19568340480327606, "segm_loss_total_loss": 30.654647827148438, "segm_loss_iou_train": 0.667239248752594, "_timestamp": 1761241705.5086346, "_runtime": 8237.9744784832, "_step": 1516, "train/loss": 50.0898, "train/grad_norm": 200.5488739013672, "train/learning_rate": 1.0485622221144485e-05, "train/epoch": 0.14707180045298116, "train/global_step": 500, "eval/P@0.5_round0": 0.4586360764492172, "eval/mIoU_round0": 0.37275096391392476, "eval/oIoU_round0": 0.43958238013130635, "eval/P@0.5_round1": 0.3403326008518479, "eval/mIoU_round1": 0.26715841454001105, "eval/oIoU_round1": 0.2960686612832568, "eval/P@0.5_round2": 0.3113650186810309, "eval/mIoU_round2": 0.2412159278625006, "eval/oIoU_round2": 0.25699020363201674, "eval/P@0.5_round3": 0.26178933450859215, "eval/mIoU_round3": 0.22447700214680036, "eval/oIoU_round3": 0.2960367650160186, "eval/P@0.5_round4": 0.20891289669142188, "eval/mIoU_round4": 0.19797082626682505, "eval/oIoU_round4": 0.3010194905909126, "eval/P@0.5_round5": 0.16261682242990316, "eval/mIoU_round5": 0.15701467924028586, "eval/oIoU_round5": 0.1621561641134627, "eval/P@0.5_round6": 0.16604361370715992, "eval/mIoU_round6": 0.1550151646694242, "eval/oIoU_round6": 0.13564918345142843, "eval/P@0.5_round7": 0.19648636153489613, "eval/mIoU_round7": 0.17643191072601616, "eval/oIoU_round7": 0.23239742520171186, "eval/P@0.5_round8": 0.20134730538920648, "eval/mIoU_round8": 0.17824277478062556, "eval/oIoU_round8": 0.29320078083993206, "eval/P@0.5_round9": 0.2853107344632365, "eval/mIoU_round9": 0.22207166380798304, "eval/oIoU_round9": 0.4032891548039684, "eval/P@0.5_round10": 0.32766990291254183, "eval/mIoU_round10": 0.28260637024067065, "eval/oIoU_round10": 0.5483177333325783, "eval/P@0.5_round11": 0.32432432432417824, "eval/mIoU_round11": 0.29030815330698495, "eval/oIoU_round11": 0.46441662644673154, "eval/P@0.5_round12": 0.17142857142840817, "eval/mIoU_round12": 0.20060055596468757, "eval/oIoU_round12": 0.25090933582767, "eval/P@0.5_round13": 0.0689655172412604, "eval/mIoU_round13": 0.15655533609692118, "eval/oIoU_round13": 0.21681399487567538, "eval/P@0.5_round14": 0.19444444444390432, "eval/mIoU_round14": 0.15883929530735397, "eval/oIoU_round14": 0.13705628207620224, "eval/P@0.5_round15": 0.05263157894709142, "eval/mIoU_round15": 0.07172172947896052, "eval/oIoU_round15": 0.10682119422763814, "eval/P@0.5_round16": 0.08333333333263888, "eval/mIoU_round16": 0.07984087616138681, "eval/oIoU_round16": 0.07636348724877005}