{"train/loss": 0.3934068113565445, "train/ce_loss": 0.271923828125, "train/seg_cls_loss": 0.10703125, "train/kl_loss": 0.0, "train/mask_bce_loss": 0.06084403079003096, "train/mask_dice_loss": 0.0957754485309124, "train/mask_loss": 0.15661948099732398, "metrics/total_secs_per_batch": 11.234291076660156, "metrics/data_secs_per_batch": 5.32229516506195, "_timestamp": 1743384855.031213, "_runtime": 520.4510791301727, "_step": 27, "train/lr": 8.4e-05}