{"val/giou": 0.08619760721921921, "val/ciou": 0.07111579179763794, "val/macro_gIoU": 0.0, "val/micro_gIoU": 0.0, "val/b_acc": 0.009999999500000025, "val/i_acc": 0.9069920814413189, "val/o_acc": 0.247945413154216, "_timestamp": 1747785490.5899868, "_runtime": 1849.6742177009583, "_step": 16}