{"train/loss": 1.6012650012969971, "train/ce_loss": 0.5693359375, "train/seg_cls_loss": 0.0122802734375, "train/kl_loss": 0.16796875, "train/mask_bce_loss": 0.07867088466882706, "train/mask_dice_loss": 0.39217646420001984, "train/mask_loss": 0.470847350358963, "metrics/total_secs_per_batch": 6.473834276199341, "metrics/data_secs_per_batch": 2.70045804977417, "_timestamp": 1740957414.2653048, "_runtime": 3379.303953886032, "_step": 499, "train/lr": 0.00024502040816326527, "_wandb": {"runtime": 3379}}