{"train/loss": 1.4940298438072204, "train/ce_loss": 0.33154296875, "train/seg_cls_loss": 0.071728515625, "train/kl_loss": 0.451171875, "train/mask_bce_loss": 0.2167038455605507, "train/mask_dice_loss": 0.8626505613327027, "train/mask_loss": 1.0793543934822083, "metrics/total_secs_per_batch": 7.4377052783966064, "metrics/data_secs_per_batch": 3.3963152170181274, "_timestamp": 1740812485.1035821, "_runtime": 719.9848182201385, "_step": 82, "train/lr": 0.00024599999999999996, "_wandb": {"runtime": 724}}