{"train/loss": NaN, "train/ce_loss": 3.20546875, "train/seg_cls_loss": 0.95703125, "train/kl_loss": NaN, "train/mask_bce_loss": 0.41004384905099867, "train/mask_dice_loss": 0.8283350467681885, "train/mask_loss": 1.23837890625, "metrics/total_secs_per_batch": 10.772045135498047, "metrics/data_secs_per_batch": 4.601206874847412, "_timestamp": 1740908161.3788767, "_runtime": 383.0592486858368, "_step": 12, "train/lr": 3.2999999999999996e-05}