{"train/loss": 0.47795267403125763, "train/ce_loss": 0.231103515625, "train/seg_cls_loss": 0.03114013671875, "train/kl_loss": 7.584691047668457e-06, "train/mask_bce_loss": 0.025522920442745088, "train/mask_dice_loss": 0.09630497470498085, "train/mask_loss": 0.12182789593935013, "metrics/total_secs_per_batch": 51.46771550178528, "metrics/data_secs_per_batch": 23.734732151031494, "_timestamp": 1741831060.0750008, "_runtime": 5910.8912127017975, "_step": 71, "train/lr": 1.54e-05, "_wandb": {"runtime": 5943}}