{"train/loss": 0.25285663902759553, "train/ce_loss": 0.19375, "train/seg_cls_loss": 0.0947265625, "train/kl_loss": 0.0, "train/mask_bce_loss": 0.029553319839760662, "train/mask_dice_loss": 0.08729015588760376, "train/mask_loss": 0.11684347540140153, "metrics/total_secs_per_batch": 12.487253189086914, "metrics/data_secs_per_batch": 5.939239430427551, "_timestamp": 1741849739.1763813, "_runtime": 199.72063636779785, "_step": 2, "train/lr": 2.0000000000000002e-07, "_wandb": {"runtime": 231}}