{"_wandb": {"runtime": 285}, "train/loss": 0.908819542825222, "train/ce_loss": 0.218359375, "train/seg_cls_loss": 0.07783203125, "train/kl_loss": 0.0, "train/mask_bce_loss": 0.03624750599265099, "train/mask_dice_loss": 0.05773392766714096, "train/mask_loss": 0.09398143365979195, "metrics/total_secs_per_batch": 28.824122190475464, "metrics/data_secs_per_batch": 14.741302037239075, "_timestamp": 1755713568.6176896, "_runtime": 285.1089506149292, "_step": 0}