{"train/loss": 0.21138762980699538, "train/ce_loss": 0.010010749101638794, "train/seg_cls_loss": 8.966890163719654e-08, "train/kl_loss": 0.0, "train/mask_bce_loss": 0.008069551887456328, "train/mask_dice_loss": 0.030872069858014585, "train/mask_loss": 0.03894162159413099, "metrics/total_secs_per_batch": 20.093658208847046, "metrics/data_secs_per_batch": 9.911371159553529, "_timestamp": 1744054645.912014, "_runtime": 238032.52996897697, "_step": 12681, "train/lr": 0.00013345783132530118}