{"train/loss": 3.6126150131225585, "train/ce_loss": 1.76328125, "train/seg_cls_loss": 1.0359375, "train/kl_loss": 0.524609375, "train/mask_bce_loss": 0.32772861421108246, "train/mask_dice_loss": 0.8268155455589294, "train/mask_loss": 1.154544174671173, "metrics/total_secs_per_batch": 6.513689041137695, "metrics/data_secs_per_batch": 3.0123191356658934, "_timestamp": 1740904350.3627756, "_runtime": 209.61463856697083, "_step": 14, "train/lr": 8.4e-05, "_wandb": {"runtime": 213}}