{"train/loss": 0.2955809488892555, "train/ce_loss": 0.04425048828125, "train/seg_cls_loss": 6.433692760765552e-08, "train/kl_loss": 0.0, "train/mask_bce_loss": 0.011162616033107042, "train/mask_dice_loss": 0.0286216851323843, "train/mask_loss": 0.03978430200368166, "metrics/total_secs_per_batch": 49.972573041915894, "metrics/data_secs_per_batch": 21.95955102443695, "_timestamp": 1748365548.918401, "_runtime": 579233.4486749172, "_step": 12499, "train/lr": 0.0, "val/giou": 0.43035027384757996, "val/ciou": 0.40822547674179077, "val/macro_gIoU": 0.0, "val/micro_gIoU": 0.0, "val/b_acc": 0.004999999750000012, "val/i_acc": 0.423821819161324, "val/o_acc": 0.9997725548142876, "_wandb": {"runtime": 579236}}