{"train/loss": 0.38210080862045287, "train/ce_loss": 0.006390380859375, "train/seg_cls_loss": 3.923048552678665e-11, "train/kl_loss": 0.0, "train/mask_bce_loss": 0.006674341368488967, "train/mask_dice_loss": 0.04529491271823645, "train/mask_loss": 0.05196925457566977, "metrics/total_secs_per_batch": 18.718655347824097, "metrics/data_secs_per_batch": 8.792327451705933, "_timestamp": 1746981717.778055, "_runtime": 107770.66391086578, "_step": 5136, "train/lr": 0.0, "val/giou": 0.6726585030555725, "val/ciou": 0.7517617344856262, "val/b_acc": 0.99999999919543, "val/i_acc": 0.15863032807213995, "val/o_acc": 0.9999999999925393, "_wandb": {"runtime": 107785}}