{"train/loss": 0.9770594984292984, "train/ce_loss": 0.24375, "train/seg_cls_loss": 0.09892578125, "train/kl_loss": 0.00648193359375, "train/mask_bce_loss": 0.2604755597189069, "train/mask_dice_loss": 0.07985107600688934, "train/mask_loss": 0.34032663330435753, "metrics/total_secs_per_batch": 30.00851583480835, "metrics/data_secs_per_batch": 13.0757826089859, "_timestamp": 1741494425.8673255, "_runtime": 378.9380795955658, "_step": 7, "train/lr": 1.7999999999999997e-05, "_wandb": {"runtime": 388}}