{"train/loss": 0.22489499896764756, "train/ce_loss": 0.012732243537902832, "train/seg_cls_loss": 9.29366797208786e-07, "train/kl_loss": 0.0, "train/mask_bce_loss": 0.011585771897807717, "train/mask_dice_loss": 0.03149959566071629, "train/mask_loss": 0.043085367511957885, "metrics/total_secs_per_batch": 33.799519300460815, "metrics/data_secs_per_batch": 15.568310546875, "_timestamp": 1744606867.1198847, "_runtime": 256738.27271866798, "_step": 9670, "train/lr": 0.000173289156626506}