{"train/loss": 0.6204488933086395, "train/ce_loss": 0.023260498046875, "train/seg_cls_loss": 1.3582393876276911e-09, "train/kl_loss": 0.0, "train/mask_bce_loss": 0.006666247942484915, "train/mask_dice_loss": 0.0729812253266573, "train/mask_loss": 0.07964747212827206, "metrics/total_secs_per_batch": 11.826645851135254, "metrics/data_secs_per_batch": 5.323468160629273, "_timestamp": 1746251578.367061, "_runtime": 182430.7107758522, "_step": 10410, "train/lr": 2.6676302898899866e-06, "_wandb": {"runtime": 182435}}