{"train/loss": 1.1080127254392484, "train/ce_loss": 0.20886229598490433, "train/seg_cls_loss": 0.054333493829854425, "train/kl_loss": 0.0, "train/mask_bce_loss": 0.04756898681800771, "train/mask_dice_loss": 0.08689743315702426, "train/mask_loss": 0.13446641997503198, "metrics/total_secs_per_batch": 73.77697620209075, "metrics/data_secs_per_batch": 33.00423369230095, "_timestamp": 1754379956.044162, "_runtime": 2996.081512928009, "_step": 31, "train/lr": 9.9e-05}