{"train/loss": 0.28778209537267685, "train/ce_loss": 0.0546875, "train/seg_cls_loss": 6.573973223567009e-07, "train/kl_loss": 0.0, "train/mask_bce_loss": 0.013567982008680701, "train/mask_dice_loss": 0.05147989271208644, "train/mask_loss": 0.06504787281155586, "metrics/total_secs_per_batch": 102.19173312187195, "metrics/data_secs_per_batch": 44.53443841934204, "_timestamp": 1746312399.220166, "_runtime": 368657.96322107315, "_step": 5593, "train/lr": 0.00015387096774193549, "_wandb": {"runtime": 368706}}