{"train/loss": 0.28849027343094347, "train/ce_loss": 0.05826416015625, "train/seg_cls_loss": 0.00504150390625, "train/kl_loss": 0.00943603515625, "train/mask_bce_loss": 0.01563960611820221, "train/mask_dice_loss": 0.04675881713628769, "train/mask_loss": 0.06239842399954796, "metrics/total_secs_per_batch": 6.346139669418335, "metrics/data_secs_per_batch": 2.7740474462509157, "_timestamp": 1741150545.2436767, "_runtime": 3965.399038553238, "_step": 498, "train/lr": 0.00029462650602409636, "_wandb": {"runtime": 98764}}