{"train/loss": 0.19793119207024573, "train/ce_loss": 0.115771484375, "train/seg_cls_loss": 0.092138671875, "train/kl_loss": 0.0, "train/mask_bce_loss": 0.04105543904006481, "train/mask_dice_loss": 0.07325757816433906, "train/mask_loss": 0.11431301534175872, "metrics/total_secs_per_batch": 16.232731103897095, "metrics/data_secs_per_batch": 7.548253273963928, "_timestamp": 1743804506.7217562, "_runtime": 895.601062297821, "_step": 47, "train/lr": 0.00015}