{"train/loss": NaN, "train/ce_loss": 2.953125, "train/seg_cls_loss": 0.77109375, "train/kl_loss": NaN, "train/mask_bce_loss": 1.139399902895093, "train/mask_dice_loss": 0.7478065073490143, "train/mask_loss": 1.8872063636779786, "metrics/total_secs_per_batch": 9.938035249710083, "metrics/data_secs_per_batch": 4.806116437911987, "_timestamp": 1740909197.7244756, "_runtime": 347.5913245677948, "_step": 11, "train/lr": 2.9999999999999997e-05}