{"train/loss": 2.0329376816749574, "train/ce_loss": 0.8884765625, "train/seg_cls_loss": 0.446875, "train/kl_loss": 0.225, "train/mask_bce_loss": 0.28988558873534204, "train/mask_dice_loss": 0.4563330411911011, "train/mask_loss": 0.7462186336517334, "metrics/total_secs_per_batch": 8.023730039596558, "metrics/data_secs_per_batch": 3.476259684562683, "_timestamp": 1740906046.3390508, "_runtime": 389.2012028694153, "_step": 29, "train/lr": 0.00017399999999999997, "_wandb": {"runtime": 394}}