{"train/loss": 0.5523507624864579, "train/ce_loss": 0.028824996948242188, "train/seg_cls_loss": 0.0005680084228515625, "train/kl_loss": 0.0, "train/mask_bce_loss": 0.019622677098959686, "train/mask_dice_loss": 0.08051614090800285, "train/mask_loss": 0.10013881921768189, "metrics/total_secs_per_batch": 113.90000438690186, "metrics/data_secs_per_batch": 50.60042684078216, "_timestamp": 1743751149.4508705, "_runtime": 40859.12246847153, "_step": 499, "train/lr": 0.0002946024096385542, "_wandb": {"runtime": 40861}}