{"train/loss": 0.14294145852327347, "train/ce_loss": 0.0465576171875, "train/seg_cls_loss": 0.00354156494140625, "train/kl_loss": 0.00509185791015625, "train/mask_bce_loss": 0.025592315010726452, "train/mask_dice_loss": 0.08173631206154823, "train/mask_loss": 0.10732862800359726, "metrics/total_secs_per_batch": 25.3862624168396, "metrics/data_secs_per_batch": 10.918043065071107, "_timestamp": 1741516082.412423, "_runtime": 12254.722983837128, "_step": 433, "train/lr": 0.00029548192771084337, "_wandb": {"runtime": 12282}}