{"train/loss": 0.4415124535560608, "train/ce_loss": 0.159765625, "train/seg_cls_loss": 0.013482666015625, "train/kl_loss": 8.887052536010742e-06, "train/mask_bce_loss": 0.033889164496213195, "train/mask_dice_loss": 0.09350768104195595, "train/mask_loss": 0.12739684730768203, "metrics/total_secs_per_batch": 89.3416440486908, "metrics/data_secs_per_batch": 39.28667793273926, "_timestamp": 1741849859.5029411, "_runtime": 2529.65007519722, "_step": 30, "train/lr": 9.599999999999999e-05, "_wandb": {"runtime": 2573}}