{"_wandb": {"runtime": 710}, "train/loss": 1.3719844579696656, "train/ce_loss": 0.340234375, "train/seg_cls_loss": 0.10810546875, "train/kl_loss": 0.0, "train/mask_bce_loss": 0.043782624788582324, "train/mask_dice_loss": 0.09102114737033844, "train/mask_loss": 0.13480377197265625, "metrics/total_secs_per_batch": 22.559282302856445, "metrics/data_secs_per_batch": 12.514836478233338, "_timestamp": 1745975567.5068665, "_runtime": 707.792441368103, "_step": 0}