{"train/loss": 0.39273610413074495, "train/ce_loss": 0.3001953125, "train/seg_cls_loss": 0.1154296875, "train/kl_loss": 0.0, "train/mask_bce_loss": 0.04621179960668087, "train/mask_dice_loss": 0.09118750244379044, "train/mask_loss": 0.13739930242300033, "metrics/total_secs_per_batch": 12.737076997756958, "metrics/data_secs_per_batch": 5.129975485801697, "_timestamp": 1743385597.1316144, "_runtime": 483.75074648857117, "_step": 23, "train/lr": 7.199999999999999e-05}