{"train/loss": 5.849871277809143, "train/ce_loss": 2.8015625, "train/seg_cls_loss": 1.31796875, "train/kl_loss": 0.5080078125, "train/mask_bce_loss": 0.4923304182011634, "train/mask_dice_loss": 0.9929209470748901, "train/mask_loss": 1.4852513670921326, "metrics/total_secs_per_batch": 7.1890785694122314, "metrics/data_secs_per_batch": 3.0887159585952757, "_timestamp": 1740811712.7689242, "_runtime": 148.01696014404297, "_step": 1, "_wandb": {"runtime": 147}}