{"train/loss": 0.64971915792656, "train/ce_loss": 0.06626220661711121, "train/seg_cls_loss": 0.0023765945286033153, "train/kl_loss": 0.0, "train/mask_bce_loss": 0.026394758059520067, "train/mask_dice_loss": 0.06574157673755264, "train/mask_loss": 0.09213633479707271, "metrics/total_secs_per_batch": 87.23828645898178, "metrics/data_secs_per_batch": 38.97505176218491, "_timestamp": 1761562985.2327871, "train/lr": 0.0002932983870967742, "_runtime": 30518.600966215134, "_step": 340, "_wandb": {"runtime": 31177}}