{"train/loss": 0.3345031440258026, "train/ce_loss": 0.05010986328125, "train/seg_cls_loss": 0.0273040771484375, "train/kl_loss": 0.0011722564697265625, "train/mask_bce_loss": 0.037486656568944454, "train/mask_dice_loss": 0.09107350781559945, "train/mask_loss": 0.12856016233563422, "metrics/total_secs_per_batch": 45.568769693374634, "metrics/data_secs_per_batch": 20.42462089061737, "_timestamp": 1741852520.5127263, "_runtime": 4378.4460372924805, "_step": 82, "train/lr": 0.000267}