{"train/loss": 0.40584479961544273, "train/ce_loss": 0.044287109375, "train/seg_cls_loss": 0.002567291259765625, "train/kl_loss": 0.0064910888671875, "train/mask_bce_loss": 0.0218454644898884, "train/mask_dice_loss": 0.0783411992713809, "train/mask_loss": 0.10018666535615921, "metrics/total_secs_per_batch": 60.815457582473755, "metrics/data_secs_per_batch": 26.392021465301514, "_timestamp": 1741753154.9656146, "_runtime": 130080.60106754303, "_step": 499, "train/lr": 0.0002747590361445783, "_wandb": {"runtime": 133835}}