{"train/loss": 0.551439368724823, "train/ce_loss": 0.21298828125, "train/seg_cls_loss": 0.03843994140625, "train/kl_loss": 6.917119026184082e-06, "train/mask_bce_loss": 0.04293176382780075, "train/mask_dice_loss": 0.08778791427612305, "train/mask_loss": 0.13071967661380768, "metrics/total_secs_per_batch": 51.74983620643616, "metrics/data_secs_per_batch": 22.81200349330902, "_timestamp": 1741852456.7762864, "_runtime": 4264.165014266968, "_step": 79, "train/lr": 1.72e-05}