{"train/loss": 0.22554145008325577, "train/ce_loss": 0.02728203535079956, "train/seg_cls_loss": 5.886477083549835e-10, "train/kl_loss": 0.0, "train/mask_bce_loss": 0.0037873867200687527, "train/mask_dice_loss": 0.03178158849477768, "train/mask_loss": 0.03556897509843111, "metrics/total_secs_per_batch": 31.393256902694702, "metrics/data_secs_per_batch": 15.592760014533997, "_timestamp": 1744434019.87275, "_runtime": 513026.8201241493, "_step": 19713, "train/lr": 4.0445783132530114e-05}