{"train/loss": 0.08024416817352176, "train/ce_loss": 0.046014404296875, "train/seg_cls_loss": 0.0005100250244140625, "train/kl_loss": 0.009356689453125, "train/mask_bce_loss": 0.005831082060467452, "train/mask_dice_loss": 0.03532806765288114, "train/mask_loss": 0.04115914786234498, "metrics/total_secs_per_batch": 7.834699630737305, "metrics/data_secs_per_batch": 3.238646674156189, "_timestamp": 1741439095.4588633, "_runtime": 191809.40909218788, "_step": 499, "train/lr": 0.0, "_wandb": {"runtime": 191868}}