{"train/loss": 0.26802499815821645, "train/ce_loss": 0.022922754287719727, "train/seg_cls_loss": 1.9797682762145995e-05, "train/kl_loss": 0.032763671875, "train/mask_bce_loss": 0.005336477834498509, "train/mask_dice_loss": 0.039068310707807544, "train/mask_loss": 0.04440478822216391, "metrics/total_secs_per_batch": 24.771695375442505, "metrics/data_secs_per_batch": 11.45824224948883, "_timestamp": 1742917178.2104495, "_runtime": 129877.67899656296, "_step": 4452, "train/lr": 0.00017616867469879516, "_wandb": {"runtime": 129882}}