{"train/loss": NaN, "train/ce_loss": 2.8640625, "train/seg_cls_loss": 0.812109375, "train/kl_loss": NaN, "train/mask_bce_loss": 1.585789106041193, "train/mask_dice_loss": 0.7072649896144867, "train/mask_loss": 2.2930540204048158, "metrics/total_secs_per_batch": 9.88391399383545, "metrics/data_secs_per_batch": 4.805593681335449, "_timestamp": 1740908810.163378, "_runtime": 557.7224659919739, "_step": 34, "train/lr": 9.9e-05, "_wandb": {"runtime": 570}}