{"global_step": 500, "loss_lang": 0.07421875, "segm_loss_loss_ce": 2.4868011474609375, "segm_loss_loss_bbox": 0.39172351360321045, "segm_loss_loss_giou": 0.6722287535667419, "segm_loss_loss_mask": 0.0683945044875145, "segm_loss_loss_dice": 1.2010493278503418, "segm_loss_loss_ce_0": 2.863173007965088, "segm_loss_loss_bbox_0": 0.39645376801490784, "segm_loss_loss_giou_0": 0.7034619450569153, "segm_loss_loss_boxiou_0": 0.5793466567993164, "segm_loss_loss_mask_0": 0.06490731239318848, "segm_loss_loss_dice_0": 1.1779190301895142, "segm_loss_loss_ce_1": 2.362180471420288, "segm_loss_loss_bbox_1": 0.5238645672798157, "segm_loss_loss_giou_1": 0.9286723136901855, "segm_loss_loss_boxiou_1": 0.5612882971763611, "segm_loss_loss_mask_1": 0.0582391619682312, "segm_loss_loss_dice_1": 1.347548246383667, "segm_loss_loss_ce_2": 2.3335564136505127, "segm_loss_loss_bbox_2": 0.41015613079071045, "segm_loss_loss_giou_2": 0.6836236715316772, "segm_loss_loss_boxiou_2": 0.5906410813331604, "segm_loss_loss_mask_2": 0.05861404910683632, "segm_loss_loss_dice_2": 1.2386817932128906, "segm_loss_loss_ce_3": 2.311267375946045, "segm_loss_loss_bbox_3": 0.39270007610321045, "segm_loss_loss_giou_3": 0.6274603009223938, "segm_loss_loss_boxiou_3": 0.5721297860145569, "segm_loss_loss_mask_3": 0.0591142512857914, "segm_loss_loss_dice_3": 1.0993843078613281, "segm_loss_loss_ce_4": 2.363408327102661, "segm_loss_loss_bbox_4": 0.3890990614891052, "segm_loss_loss_giou_4": 0.661578893661499, "segm_loss_loss_boxiou_4": 0.5916553139686584, "segm_loss_loss_mask_4": 0.07203099131584167, "segm_loss_loss_dice_4": 1.2473055124282837, "segm_loss_loss_bbox_dn": 0.0, "segm_loss_loss_giou_dn": 0.0, "segm_loss_loss_class_dn": 0.0, "segm_loss_loss_bbox_dn_0": 0.0, "segm_loss_loss_giou_dn_0": 0.0, "segm_loss_loss_class_dn_0": 0.0, "segm_loss_loss_bbox_dn_1": 0.0, "segm_loss_loss_giou_dn_1": 0.0, "segm_loss_loss_class_dn_1": 0.0, "segm_loss_loss_bbox_dn_2": 0.0, "segm_loss_loss_giou_dn_2": 0.0, "segm_loss_loss_class_dn_2": 0.0, "segm_loss_loss_bbox_dn_3": 0.0, "segm_loss_loss_giou_dn_3": 0.0, "segm_loss_loss_class_dn_3": 0.0, "segm_loss_loss_bbox_dn_4": 0.0, "segm_loss_loss_giou_dn_4": 0.0, "segm_loss_loss_class_dn_4": 0.0, "segm_loss_loss_ce_enc": 0.6575465202331543, "segm_loss_loss_bbox_enc": 0.10951758176088333, "segm_loss_loss_giou_enc": 0.28295597434043884, "segm_loss_total_loss": 33.14033889770508, "segm_loss_iou_train": 0.8857086300849915, "_timestamp": 1761120213.8779452, "_runtime": 5151.659060239792, "_step": 916, "train/loss": 56.1367, "train/grad_norm": 239.29052734375, "train/learning_rate": 1.0485622221144485e-05, "train/epoch": 0.05882872018119246, "train/global_step": 500, "eval/P@0.5_round0": 0.39318433106934053, "eval/mIoU_round0": 0.321245959011831, "eval/oIoU_round0": 0.3761912902135081, "eval/P@0.5_round1": 0.2776376115677809, "eval/mIoU_round1": 0.21965740554994548, "eval/oIoU_round1": 0.2440099032537772, "eval/P@0.5_round2": 0.2608827873837855, "eval/mIoU_round2": 0.2034570579784019, "eval/oIoU_round2": 0.21769104580598045, "eval/P@0.5_round3": 0.21279565153518282, "eval/mIoU_round3": 0.190412014473266, "eval/oIoU_round3": 0.2616159217334888, "eval/P@0.5_round4": 0.16070222822417068, "eval/mIoU_round4": 0.16485290733404148, "eval/oIoU_round4": 0.2540191309257241, "eval/P@0.5_round5": 0.11858774662512733, "eval/mIoU_round5": 0.12365881740613385, "eval/oIoU_round5": 0.12180345666188577, "eval/P@0.5_round6": 0.1077881619937661, "eval/mIoU_round6": 0.11252618950103695, "eval/oIoU_round6": 0.10836705028291585, "eval/P@0.5_round7": 0.12297734627831146, "eval/mIoU_round7": 0.12641528266698046, "eval/oIoU_round7": 0.18549542353808596, "eval/P@0.5_round8": 0.14745508982034825, "eval/mIoU_round8": 0.14293690070419612, "eval/oIoU_round8": 0.30373895588505284, "eval/P@0.5_round9": 0.23022598870053243, "eval/mIoU_round9": 0.1918316991988951, "eval/oIoU_round9": 0.40431956859964996, "eval/P@0.5_round10": 0.2912621359222594, "eval/mIoU_round10": 0.25564064099944495, "eval/oIoU_round10": 0.5913466953600554, "eval/P@0.5_round11": 0.30630630630616834, "eval/mIoU_round11": 0.26189505087350956, "eval/oIoU_round11": 0.5311205694297152, "eval/P@0.5_round12": 0.08571428571420409, "eval/mIoU_round12": 0.13887690589528254, "eval/oIoU_round12": 0.2575278021273671, "eval/P@0.5_round13": 0.0689655172412604, "eval/mIoU_round13": 0.12980067729927572, "eval/oIoU_round13": 0.13829196896577842, "eval/P@0.5_round14": 0.11111111111080246, "eval/mIoU_round14": 0.10541870858904907, "eval/oIoU_round14": 0.06623270300569743, "eval/P@0.5_round15": 0.05263157894709142, "eval/mIoU_round15": 0.06748032138500336, "eval/oIoU_round15": 0.05595212604571727, "eval/P@0.5_round16": 0.08333333333263888, "eval/mIoU_round16": 0.12091263880231551, "eval/oIoU_round16": 0.10597318965830381}