{"train/loss": 2.9429928064346313, "train/ce_loss": 0.645654296875, "train/seg_cls_loss": 0.0263916015625, "train/kl_loss": 0.10185546875, "train/mask_bce_loss": 0.2111392229795456, "train/mask_dice_loss": 0.43994422554969786, "train/mask_loss": 0.6510834515094757, "metrics/total_secs_per_batch": 5.927644729614258, "metrics/data_secs_per_batch": 2.872253179550171, "_timestamp": 1740976002.6675336, "_runtime": 3928.195365667343, "_step": 499, "train/lr": 0.00024502040816326527, "_wandb": {"runtime": 3929}}