{"train/loss": NaN, "train/ce_loss": 0.119189453125, "train/seg_cls_loss": 0.0488525390625, "train/kl_loss": 0.0, "train/mask_bce_loss": NaN, "train/mask_dice_loss": NaN, "train/mask_loss": NaN, "metrics/total_secs_per_batch": 68.26828908920288, "metrics/data_secs_per_batch": 33.245647323131564, "_timestamp": 1742704714.0625465, "_runtime": 6132.888501405716, "_step": 40, "train/lr": 0.000117}