{"global_step": 995, "loss_lang": 0.1845703125, "segm_loss_loss_ce": 2.9419825077056885, "segm_loss_loss_bbox": 0.35639169812202454, "segm_loss_loss_giou": 0.8382279276847839, "segm_loss_loss_mask": 0.35851195454597473, "segm_loss_loss_dice": 5.622429847717285, "segm_loss_loss_ce_0": 3.2360267639160156, "segm_loss_loss_bbox_0": 0.6906295418739319, "segm_loss_loss_giou_0": 1.414734125137329, "segm_loss_loss_boxiou_0": 0.6449915170669556, "segm_loss_loss_mask_0": 0.3918019235134125, "segm_loss_loss_dice_0": 6.322988510131836, "segm_loss_loss_ce_1": 2.8346710205078125, "segm_loss_loss_bbox_1": 0.4527977406978607, "segm_loss_loss_giou_1": 1.015921711921692, "segm_loss_loss_boxiou_1": 0.6105917096138, "segm_loss_loss_mask_1": 0.3684917688369751, "segm_loss_loss_dice_1": 5.707140922546387, "segm_loss_loss_ce_2": 2.935454845428467, "segm_loss_loss_bbox_2": 0.37957167625427246, "segm_loss_loss_giou_2": 0.8969355821609497, "segm_loss_loss_boxiou_2": 0.5937867760658264, "segm_loss_loss_mask_2": 0.40303701162338257, "segm_loss_loss_dice_2": 5.591153144836426, "segm_loss_loss_ce_3": 2.9418253898620605, "segm_loss_loss_bbox_3": 0.38633549213409424, "segm_loss_loss_giou_3": 0.9043815732002258, "segm_loss_loss_boxiou_3": 0.5956023931503296, "segm_loss_loss_mask_3": 0.3961819112300873, "segm_loss_loss_dice_3": 5.918907165527344, "segm_loss_loss_ce_4": 2.9291138648986816, "segm_loss_loss_bbox_4": 0.3540814518928528, "segm_loss_loss_giou_4": 0.8482745289802551, "segm_loss_loss_boxiou_4": 0.5695090889930725, "segm_loss_loss_mask_4": 0.36180052161216736, "segm_loss_loss_dice_4": 5.736693382263184, "segm_loss_loss_bbox_dn": 0.0, "segm_loss_loss_giou_dn": 0.0, "segm_loss_loss_class_dn": 0.0, "segm_loss_loss_bbox_dn_0": 0.0, "segm_loss_loss_giou_dn_0": 0.0, "segm_loss_loss_class_dn_0": 0.0, "segm_loss_loss_bbox_dn_1": 0.0, "segm_loss_loss_giou_dn_1": 0.0, "segm_loss_loss_class_dn_1": 0.0, "segm_loss_loss_bbox_dn_2": 0.0, "segm_loss_loss_giou_dn_2": 0.0, "segm_loss_loss_class_dn_2": 0.0, "segm_loss_loss_bbox_dn_3": 0.0, "segm_loss_loss_giou_dn_3": 0.0, "segm_loss_loss_class_dn_3": 0.0, "segm_loss_loss_bbox_dn_4": 0.0, "segm_loss_loss_giou_dn_4": 0.0, "segm_loss_loss_class_dn_4": 0.0, "segm_loss_loss_ce_enc": 0.5366997122764587, "segm_loss_loss_bbox_enc": 0.35479408502578735, "segm_loss_loss_giou_enc": 0.7946268916130066, "segm_loss_total_loss": 68.23751068115234, "segm_loss_iou_train": 0.2098962515592575, "_timestamp": 1761279565.9121382, "_runtime": 10869.853714227676, "_step": 3000, "train/loss": 46.793, "train/grad_norm": 199.58718872070312, "train/learning_rate": 0.0, "train/epoch": 0.2941436009059623, "train/global_step": 1000, "train_runtime": 10871.1086, "train_samples_per_second": 3.679, "train_steps_per_second": 0.092, "total_flos": 5.7090097330887066e+17, "train_loss": 59.8617412109375, "_wandb": {"runtime": 10911}}