{"train/loss": 0.5462723329663277, "train/ce_loss": 0.2076171875, "train/seg_cls_loss": 0.105810546875, "train/kl_loss": 0.009590274095535279, "train/mask_bce_loss": 0.055363204158493315, "train/mask_dice_loss": 0.08511670604348183, "train/mask_loss": 0.1404799111187458, "metrics/total_secs_per_batch": 29.15015196800232, "metrics/data_secs_per_batch": 12.735046100616454, "_timestamp": 1741498304.6520147, "_runtime": 716.6347377300262, "_step": 19, "train/lr": 5.9999999999999995e-05}