{"train/loss": 0.20314807277172803, "train/ce_loss": 0.0005166590213775635, "train/seg_cls_loss": 5.1420120252032574e-05, "train/kl_loss": 0.0, "train/mask_bce_loss": 0.019856623280793427, "train/mask_dice_loss": 0.027135959337465466, "train/mask_loss": 0.0469925825484097, "metrics/total_secs_per_batch": 57.787595987319946, "metrics/data_secs_per_batch": 27.662293434143066, "_timestamp": 1744843426.3689413, "_runtime": 236453.1040391922, "_step": 5247, "train/lr": 0.00023180722891566263, "_wandb": {"runtime": 236467}}