{"train/loss": 0.6102898597717286, "train/ce_loss": 0.159033203125, "train/seg_cls_loss": 0.014691162109375, "train/kl_loss": 1.0538101196289063e-05, "train/mask_bce_loss": 0.03728117849677801, "train/mask_dice_loss": 0.08682250156998635, "train/mask_loss": 0.12410367652773857, "metrics/total_secs_per_batch": 64.14076495170593, "metrics/data_secs_per_batch": 28.78333990573883, "_timestamp": 1741858522.6198251, "_runtime": 10200.146232128143, "_step": 147, "train/lr": 1.9951807228915665e-05, "_wandb": {"runtime": 30195}}