{"_wandb": {"runtime": 5189}, "train/loss": 0.90204638838768, "train/ce_loss": 0.21845703125, "train/seg_cls_loss": 0.090478515625, "train/kl_loss": 0.0, "train/mask_bce_loss": 0.03298634914681316, "train/mask_dice_loss": 0.05456780157983303, "train/mask_loss": 0.08755415044724942, "metrics/total_secs_per_batch": 28.860503911972046, "metrics/data_secs_per_batch": 14.777888655662537, "_timestamp": 1755724980.2687795, "_runtime": 291.84292554855347, "_step": 0}