{"val/giou": 0.019999997690320015, "val/ciou": 0.0, "val/b_acc": 0.0, "val/i_acc": 0.0, "val/o_acc": 0.999999999849284, "_timestamp": 1744923233.9327188, "_runtime": 7800.333574771881, "_step": 39}