{"train/loss": 0.2122041565249674, "train/ce_loss": 0.00039716362953186036, "train/seg_cls_loss": 3.392305225133896e-05, "train/kl_loss": 0.14599609375, "train/mask_bce_loss": 0.01976984888315201, "train/mask_dice_loss": 0.04304982274770737, "train/mask_loss": 0.06281967163085937, "metrics/total_secs_per_batch": 19.294706344604492, "metrics/data_secs_per_batch": 7.578791642189026, "_timestamp": 1742411338.068776, "_runtime": 338814.3048069477, "_step": 499, "train/lr": 0.00012262650602409638, "_wandb": {"runtime": 344939}}