{"_wandb": {"runtime": 291}, "train/loss": 0.9529833987355232, "train/ce_loss": 0.21875, "train/seg_cls_loss": 0.07080078125, "train/kl_loss": 0.0, "train/mask_bce_loss": 0.06868616694118827, "train/mask_dice_loss": 0.05694161541759968, "train/mask_loss": 0.12562778331339358, "metrics/total_secs_per_batch": 26.327337741851807, "metrics/data_secs_per_batch": 13.42271797657013, "_timestamp": 1755714075.7138035, "_runtime": 290.93665862083435, "_step": 0}