{"train/loss": 1.077783727645874, "train/ce_loss": 0.1703125, "train/seg_cls_loss": 0.119189453125, "train/kl_loss": 0.0, "train/mask_bce_loss": 0.05289022102952003, "train/mask_dice_loss": 0.09387554749846458, "train/mask_loss": 0.14676576852798462, "metrics/total_secs_per_batch": 162.99639177322388, "metrics/data_secs_per_batch": 76.24674801826477, "_timestamp": 1743569999.0373669, "_runtime": 1020.5301537513733, "_step": 3, "train/lr": 5.999999999999999e-06, "_wandb": {"runtime": 1255}}