{"train/loss": 3.1268471240997315, "train/ce_loss": 1.8328125, "train/seg_cls_loss": 0.64609375, "train/kl_loss": 0.3486328125, "train/mask_bce_loss": 0.23769543841481208, "train/mask_dice_loss": 0.6466626405715943, "train/mask_loss": 0.8843580842018127, "metrics/total_secs_per_batch": 6.83272123336792, "metrics/data_secs_per_batch": 3.3318585395812987, "_timestamp": 1740896824.8572698, "_runtime": 196.01157784461975, "_step": 12, "train/lr": 7.199999999999999e-05}