{"val/giou": 0.051139116287231445, "val/ciou": 0.0731937438249588, "val/b_acc": 0.46277130494838764, "val/i_acc": 0.08796296284660984, "val/o_acc": 0.631362937786899, "_timestamp": 1756790471.3134363, "_runtime": 4095.42663025856, "_step": 1, "_wandb": {"runtime": 4095}}