{"train/loss": 0.7982389211654664, "train/ce_loss": 0.24912109375, "train/seg_cls_loss": 0.0912109375, "train/kl_loss": 0.008685302734375, "train/mask_bce_loss": 0.1708550877869129, "train/mask_dice_loss": 0.07869406715035439, "train/mask_loss": 0.24954915121197702, "metrics/total_secs_per_batch": 14.495920181274414, "metrics/data_secs_per_batch": 6.627761888504028, "_timestamp": 1741419146.8744648, "_runtime": 244.84861278533936, "_step": 6, "train/lr": 1.4999999999999999e-05}