{"train/loss": 0.49974448308348657, "train/ce_loss": 0.023462164402008056, "train/seg_cls_loss": 1.0867370292544364e-08, "train/kl_loss": 0.0, "train/mask_bce_loss": 0.006380537891527638, "train/mask_dice_loss": 0.05794015567516908, "train/mask_loss": 0.06432069328147919, "metrics/total_secs_per_batch": 22.981484413146973, "metrics/data_secs_per_batch": 10.71319317817688, "_timestamp": 1744861320.3997834, "_runtime": 705282.3647272587, "_step": 18317, "train/lr": 5.8903614457831325e-05}