{"train/loss": 0.3249457240104675, "train/ce_loss": 0.24716796875, "train/seg_cls_loss": 0.1283203125, "train/kl_loss": 7.590651512145996e-06, "train/mask_bce_loss": 0.038840046525001524, "train/mask_dice_loss": 0.09497656822204589, "train/mask_loss": 0.13381661251187324, "metrics/total_secs_per_batch": 36.13405132293701, "metrics/data_secs_per_batch": 16.586157345771788, "_timestamp": 1741853966.0136578, "_runtime": 2676.7243218421936, "_step": 65, "train/lr": 1.4e-05}