{"train/loss": 0.7107260823249817, "train/ce_loss": 0.2419921875, "train/seg_cls_loss": 0.091064453125, "train/kl_loss": 7.68601894378662e-06, "train/mask_bce_loss": 0.04803895261138678, "train/mask_dice_loss": 0.09544908553361893, "train/mask_loss": 0.1434880405664444, "metrics/total_secs_per_batch": 38.67125844955444, "metrics/data_secs_per_batch": 17.30255792140961, "_timestamp": 1741853085.0759473, "_runtime": 573.8453261852264, "_step": 11, "train/lr": 3.2999999999999996e-05, "_wandb": {"runtime": 598}}