{"train/loss": 0.38639461398124697, "train/ce_loss": 0.114501953125, "train/seg_cls_loss": 0.095263671875, "train/kl_loss": 0.00976104736328125, "train/mask_bce_loss": 0.022372559271752836, "train/mask_dice_loss": 0.08488724753260612, "train/mask_loss": 0.10725980699062347, "metrics/total_secs_per_batch": 7.467957019805908, "metrics/data_secs_per_batch": 3.2155484676361086, "_timestamp": 1741158484.7230773, "_runtime": 4411.961784362793, "_step": 498, "train/lr": 1.9641767068273094e-05}