{"train/loss": 2.2259760022163393, "train/ce_loss": 0.681591796875, "train/seg_cls_loss": 0.01236572265625, "train/kl_loss": 0.07685546875, "train/mask_bce_loss": 0.10142175108194351, "train/mask_dice_loss": 0.3147552967071533, "train/mask_loss": 0.4161770433187485, "metrics/total_secs_per_batch": 6.928070545196533, "metrics/data_secs_per_batch": 2.8994333744049072, "_timestamp": 1740986181.561076, "_runtime": 3862.4444370269775, "_step": 498, "train/lr": 0.00028920481927710844, "_wandb": {"runtime": 164205}}