{"train/loss": 0.2962072879076004, "train/ce_loss": 0.0038299560546875, "train/seg_cls_loss": 6.186892278492451e-08, "train/kl_loss": 0.0, "train/mask_bce_loss": 0.014308871887624263, "train/mask_dice_loss": 0.032970023527741435, "train/mask_loss": 0.0472788967192173, "metrics/total_secs_per_batch": 19.4917733669281, "metrics/data_secs_per_batch": 8.6150062084198, "_timestamp": 1753946738.067302, "_runtime": 9848.16162109375, "_step": 499, "train/lr": 0.0, "_wandb": {"runtime": 10813}}