{"train/loss": 0.2713851898908615, "train/ce_loss": 0.04185791015625, "train/seg_cls_loss": 1.4173565432429314e-08, "train/kl_loss": 0.0, "train/mask_bce_loss": 0.010209355084225536, "train/mask_dice_loss": 0.03485020734369755, "train/mask_loss": 0.04505956321954727, "metrics/total_secs_per_batch": 38.60360813140869, "metrics/data_secs_per_batch": 16.838245940208434, "_timestamp": 1745941033.2102418, "_runtime": 544122.9698429108, "_step": 12499, "train/lr": 0.0, "_wandb": {"runtime": 544164}}