{"train/loss": 0.9689607322216034, "train/ce_loss": 0.18955078125, "train/seg_cls_loss": 0.151171875, "train/kl_loss": 0.0, "train/mask_bce_loss": 0.05103375446051359, "train/mask_dice_loss": 0.09375455975532532, "train/mask_loss": 0.14478831514716148, "metrics/total_secs_per_batch": 74.83501839637756, "metrics/data_secs_per_batch": 34.70088291168213, "_timestamp": 1742071304.7759156, "_runtime": 669.4138195514679, "_step": 3, "train/lr": 5.999999999999999e-06, "_wandb": {"runtime": 751}}