{"train/loss": 0.4109435349702835, "train/ce_loss": 0.02249857783317566, "train/seg_cls_loss": 5.865283310413361e-06, "train/kl_loss": 0.040087890625, "train/mask_bce_loss": 0.010866317129693926, "train/mask_dice_loss": 0.04583829697221518, "train/mask_loss": 0.05670461393892765, "metrics/total_secs_per_batch": 25.589329957962036, "metrics/data_secs_per_batch": 11.02088143825531, "_timestamp": 1743058605.8715868, "_runtime": 603005.6391859055, "_step": 18257, "train/lr": 0.0, "_wandb": {"runtime": 603025}}