{"val/giou": 0.07598735392093658, "val/ciou": 0.07212050259113312, "val/macro_gIoU": 0.0, "val/micro_gIoU": 0.0, "val/b_acc": 0.22999998850000059, "val/i_acc": 0.15851657315879036, "val/o_acc": 0.24236025215808013, "_timestamp": 1753510701.3017752, "_runtime": 554.805878162384, "_step": 0}