{"val/giou": 0.05143584683537483, "val/ciou": 0.09660032391548157, "val/macro_gIoU": 0.12405616116838501, "val/micro_gIoU": 0.12405616116838501, "val/b_acc": 0.583333090277879, "val/i_acc": 0.0, "val/o_acc": 0.6020846088225487, "_timestamp": 1747012807.2176175, "_runtime": 321.0091915130615, "_step": 0}