{"train/loss": 0.169601172208786, "train/ce_loss": 0.015797752141952514, "train/seg_cls_loss": 1.0736286640167236e-05, "train/kl_loss": 0.0, "train/mask_bce_loss": 0.01178179371636361, "train/mask_dice_loss": 0.06511428691446781, "train/mask_loss": 0.07689608074724674, "metrics/total_secs_per_batch": 38.841891050338745, "metrics/data_secs_per_batch": 17.875023436546325, "_timestamp": 1744054598.7130878, "_runtime": 239214.192527771, "_step": 5912, "train/lr": 0.00022299999999999997, "_wandb": {"runtime": 239283}}