{"train/loss": 0.608757707476616, "train/ce_loss": 0.24931640625, "train/seg_cls_loss": 0.11845703125, "train/kl_loss": 0.007218664884567261, "train/mask_bce_loss": 0.05182264564791694, "train/mask_dice_loss": 0.09661870151758194, "train/mask_loss": 0.14844135120511054, "metrics/total_secs_per_batch": 28.847266674041748, "metrics/data_secs_per_batch": 11.955470371246339, "_timestamp": 1741499556.463602, "_runtime": 792.8360979557037, "_step": 22, "train/lr": 6.9e-05}