{"train/loss": 0.24525318592786788, "train/ce_loss": 0.028143310546875, "train/seg_cls_loss": 0.0076385498046875, "train/kl_loss": 0.015374755859375, "train/mask_bce_loss": 0.018993754615075888, "train/mask_dice_loss": 0.08381838500499725, "train/mask_loss": 0.10281213819980621, "metrics/total_secs_per_batch": 7.4593117237091064, "metrics/data_secs_per_batch": 3.1185004234313967, "_timestamp": 1741249802.294901, "_runtime": 3685.164137840271, "_step": 498, "train/lr": 0.00029462650602409636, "_wandb": {"runtime": 53424}}