{"train/loss": 0.5805302023887634, "train/ce_loss": 0.012738037109375, "train/seg_cls_loss": 0.00017109699547290802, "train/kl_loss": 0.0, "train/mask_bce_loss": 0.007752538658678532, "train/mask_dice_loss": 0.06899300925433635, "train/mask_loss": 0.07674554772675038, "metrics/total_secs_per_batch": 18.297086477279663, "metrics/data_secs_per_batch": 7.852658915519714, "_timestamp": 1746844430.4419854, "_runtime": 10793.937984466553, "_step": 499, "train/lr": 0.00027278787878787876, "val/giou": 0.5596892237663269, "val/ciou": 0.6599689722061157, "val/b_acc": 0.99999999919543, "val/i_acc": 0.15863032807213995, "val/o_acc": 0.9999999999925393, "_wandb": {"runtime": 10793}}