{"train/loss": 0.2225162021815777, "train/ce_loss": 0.04087055400013924, "train/seg_cls_loss": 0.004994531627744436, "train/kl_loss": 0.028532706201076508, "train/mask_bce_loss": 0.01983356988057494, "train/mask_dice_loss": 0.06260744705796242, "train/mask_loss": 0.08244101628661156, "metrics/total_secs_per_batch": 27.5602548122406, "metrics/data_secs_per_batch": 12.235654520988465, "_timestamp": 1741314861.2324593, "_runtime": 14918.168355226517, "_step": 498, "train/lr": 0.00029462650602409636}