{"train/loss": 0.47300144135951994, "train/ce_loss": 0.03364906311035156, "train/seg_cls_loss": 0.0003017425537109375, "train/kl_loss": 0.0, "train/mask_bce_loss": 0.015899462904781104, "train/mask_dice_loss": 0.06782330274581909, "train/mask_loss": 0.08372276574373246, "metrics/total_secs_per_batch": 121.86161041259766, "metrics/data_secs_per_batch": 54.89220869541168, "_timestamp": 1743639158.007183, "_runtime": 64598.00157618523, "_step": 499, "train/lr": 0.0002946024096385542, "_wandb": {"runtime": 64600}}