{"train/loss": 0.3381893768906593, "train/ce_loss": 0.01598234623670578, "train/seg_cls_loss": 5.349614366423339e-06, "train/kl_loss": 0.038232421875, "train/mask_bce_loss": 0.010236826771870256, "train/mask_dice_loss": 0.03771370183676481, "train/mask_loss": 0.04795052818953991, "metrics/total_secs_per_batch": 11.285491943359375, "metrics/data_secs_per_batch": 5.64547860622406, "_timestamp": 1743750409.5540302, "_runtime": 349791.1050672531, "_step": 24547, "train/lr": 0.0}