{"train/loss": 0.2567567083984613, "train/ce_loss": 0.044268798828125, "train/seg_cls_loss": 0.005560302734375, "train/kl_loss": 0.006402587890625, "train/mask_bce_loss": 0.025805814284831287, "train/mask_dice_loss": 0.07747976668179035, "train/mask_loss": 0.10328558050096034, "metrics/total_secs_per_batch": 30.957923650741577, "metrics/data_secs_per_batch": 14.046328210830689, "_timestamp": 1741517120.8497994, "_runtime": 14066.622394323349, "_step": 499, "train/lr": 0.0002946024096385542, "_wandb": {"runtime": 14067}}