{"train/loss": 0.5626332640647889, "train/ce_loss": 0.040765380859375, "train/seg_cls_loss": 0.00014603137969970703, "train/kl_loss": 0.0, "train/mask_bce_loss": 0.020574220549315216, "train/mask_dice_loss": 0.08006192222237588, "train/mask_loss": 0.10063614249229431, "metrics/total_secs_per_batch": 78.93262553215027, "metrics/data_secs_per_batch": 33.93322761058808, "_timestamp": 1743658054.7374802, "_runtime": 28710.103597164154, "_step": 351, "train/lr": 0.00029656626506024096, "_wandb": {"runtime": 28800}}