{"train/loss": 0.22011464685201645, "train/ce_loss": 0.002812480926513672, "train/seg_cls_loss": 0.0005057811737060547, "train/kl_loss": 0.00233612060546875, "train/mask_bce_loss": 0.027181943971663715, "train/mask_dice_loss": 0.08037904500961304, "train/mask_loss": 0.10756098628044128, "metrics/total_secs_per_batch": 37.06542468070984, "metrics/data_secs_per_batch": 17.32606670856476, "_timestamp": 1741870645.9289742, "_runtime": 18289.83920621872, "_step": 499, "train/lr": 0.0002946024096385542, "_wandb": {"runtime": 18348}}