{"train/loss": 3.3828408479690553, "train/ce_loss": 0.36005859375, "train/seg_cls_loss": 0.02333984375, "train/kl_loss": 0.10390625, "train/mask_bce_loss": 0.1866137083619833, "train/mask_dice_loss": 0.6334580063819886, "train/mask_loss": 0.8200717151165009, "metrics/total_secs_per_batch": 6.991498708724976, "metrics/data_secs_per_batch": 2.9287127256393433, "_timestamp": 1740970917.49561, "_runtime": 1996.8230080604553, "_step": 192, "train/lr": 0.00028261224489795913, "_wandb": {"runtime": 2005}}