{"train/loss": 0.6493255376815796, "train/ce_loss": 0.06802978515625, "train/seg_cls_loss": 0.002724456787109375, "train/kl_loss": 0.0, "train/mask_bce_loss": 0.030067493487149478, "train/mask_dice_loss": 0.06446424834430217, "train/mask_loss": 0.09453174248337745, "metrics/total_secs_per_batch": 38.07546043395996, "metrics/data_secs_per_batch": 17.918502306938173, "_timestamp": 1747045473.3679476, "_runtime": 19256.070905685425, "_step": 499, "train/lr": 0.0002891612903225806, "_wandb": {"runtime": 19297}}