{"train/loss": 0.2121868796646595, "train/ce_loss": 0.04998779296875, "train/seg_cls_loss": 0.002637481689453125, "train/kl_loss": 0.0054046630859375, "train/mask_bce_loss": 0.020271472563035787, "train/mask_dice_loss": 0.05883466154336929, "train/mask_loss": 0.07910613305866718, "metrics/total_secs_per_batch": 31.619638442993164, "metrics/data_secs_per_batch": 14.278725337982177, "_timestamp": 1741581111.0955749, "_runtime": 14118.843320846558, "_step": 499, "train/lr": 0.0002946024096385542, "_wandb": {"runtime": 20252}}