{"_wandb": {"runtime": 485}, "train/loss": 1.3290825486183167, "train/ce_loss": 0.2203125, "train/seg_cls_loss": 0.11865234375, "train/kl_loss": 0.0, "train/mask_bce_loss": 0.06618514321744443, "train/mask_dice_loss": 0.09230387732386588, "train/mask_loss": 0.15848901867866516, "metrics/total_secs_per_batch": 41.822036027908325, "metrics/data_secs_per_batch": 20.648498272895814, "_timestamp": 1747025902.4550023, "_runtime": 483.5947654247284, "_step": 0}