{"train/loss": 0.32295493632555006, "train/ce_loss": 0.05165739059448242, "train/seg_cls_loss": 8.028175216168165e-07, "train/kl_loss": 0.0, "train/mask_bce_loss": 0.019171712826937436, "train/mask_dice_loss": 0.038828099612146616, "train/mask_loss": 0.057999813184142116, "metrics/total_secs_per_batch": 42.336740255355835, "metrics/data_secs_per_batch": 19.082437324523926, "_timestamp": 1744152318.8518782, "_runtime": 95970.33900427818, "_step": 3207, "train/lr": 0.00025879518072289154, "_wandb": {"runtime": 96008}}