{"train/loss": 0.14017646983265877, "train/ce_loss": 0.0483642578125, "train/seg_cls_loss": 0.002785491943359375, "train/kl_loss": 0.02750244140625, "train/mask_bce_loss": 0.025648353970609605, "train/mask_dice_loss": 0.07826733738183975, "train/mask_loss": 0.10391569286584854, "metrics/total_secs_per_batch": 26.601973295211792, "metrics/data_secs_per_batch": 11.688136434555053, "_timestamp": 1741544237.6071496, "_runtime": 14121.373552560806, "_step": 499, "train/lr": 0.0002946024096385542, "_wandb": {"runtime": 19453}}