{"train/loss": 0.6792462736368179, "train/ce_loss": 0.03587646484375, "train/seg_cls_loss": 0.0068023681640625, "train/kl_loss": 0.0125, "train/mask_bce_loss": 0.03327722642570734, "train/mask_dice_loss": 0.07011430989950895, "train/mask_loss": 0.10339153818786144, "metrics/total_secs_per_batch": 7.431149482727051, "metrics/data_secs_per_batch": 3.2906025886535644, "_timestamp": 1741150668.7891634, "_runtime": 3862.318248271942, "_step": 498, "train/lr": 0.00029462650602409636, "_wandb": {"runtime": 100243}}