{"train/loss": 0.3034572578966618, "train/ce_loss": 0.041539788246154785, "train/seg_cls_loss": 3.448263896643766e-10, "train/kl_loss": 0.0, "train/mask_bce_loss": 0.009565543726785109, "train/mask_dice_loss": 0.04046194015536457, "train/mask_loss": 0.05002748328261077, "metrics/total_secs_per_batch": 28.814067125320435, "metrics/data_secs_per_batch": 12.343322730064392, "_timestamp": 1745396876.062891, "_runtime": 535762.0659339428, "_step": 19573, "train/lr": 4.232530120481928e-05}