{"train/loss": 0.23917966783046724, "train/ce_loss": 0.016924989223480225, "train/seg_cls_loss": 1.2267264537513256e-07, "train/kl_loss": 0.0, "train/mask_bce_loss": 0.010177317075431347, "train/mask_dice_loss": 0.050474971905350684, "train/mask_loss": 0.06065228916704655, "metrics/total_secs_per_batch": 66.78871273994446, "metrics/data_secs_per_batch": 30.693915057182313, "_timestamp": 1744348164.0356302, "_runtime": 534520.9755313396, "_step": 10909, "train/lr": 0.00015689156626506025}