{"train/loss": 0.41876820027828215, "train/ce_loss": 0.0334442138671875, "train/seg_cls_loss": 0.0011293411254882813, "train/kl_loss": 0.002219390869140625, "train/mask_bce_loss": 0.019943325174972416, "train/mask_dice_loss": 0.08525017127394677, "train/mask_loss": 0.10519349500536919, "metrics/total_secs_per_batch": 35.883312940597534, "metrics/data_secs_per_batch": 15.583370018005372, "_timestamp": 1741866927.7906237, "_runtime": 12723.284214735031, "_step": 347, "train/lr": 0.00029662650602409635, "_wandb": {"runtime": 12750}}