{"train/loss": 0.14590438455343246, "train/ce_loss": 0.0790771484375, "train/seg_cls_loss": 0.109912109375, "train/kl_loss": 0.0, "train/mask_bce_loss": 0.033401408977806565, "train/mask_dice_loss": 0.09193731769919396, "train/mask_loss": 0.12533872798085213, "metrics/total_secs_per_batch": 67.20903944969177, "metrics/data_secs_per_batch": 32.52812469005585, "_timestamp": 1741876100.3240297, "_runtime": 24999.842627763748, "_step": 357, "train/lr": 1.9766265060240965e-05}