{"train/loss": 0.7285864174365997, "train/ce_loss": 0.20625, "train/seg_cls_loss": 0.1111328125, "train/kl_loss": 7.554888725280762e-06, "train/mask_bce_loss": 0.05944379735738039, "train/mask_dice_loss": 0.0904744103550911, "train/mask_loss": 0.14991820827126504, "metrics/total_secs_per_batch": 31.32400941848755, "metrics/data_secs_per_batch": 13.479100584983826, "_timestamp": 1741841867.1354952, "_runtime": 1064.0679292678833, "_step": 25, "train/lr": 5.2e-06, "_wandb": {"runtime": 1090}}