{"train/loss": 0.36703790426254274, "train/ce_loss": 0.017415857315063475, "train/seg_cls_loss": 2.2593140602111817e-05, "train/kl_loss": 0.0, "train/mask_bce_loss": 0.013154263282194734, "train/mask_dice_loss": 0.053878303617239, "train/mask_loss": 0.06703256741166115, "metrics/total_secs_per_batch": 119.90804553031921, "metrics/data_secs_per_batch": 52.56698327064514, "_timestamp": 1744141024.9309955, "_runtime": 81162.6499505043, "_step": 738, "train/lr": 0.0002914578313253012, "_wandb": {"runtime": 81170}}