{"train/loss": 0.2854400336742401, "train/ce_loss": 0.14765625, "train/seg_cls_loss": 0.109912109375, "train/kl_loss": 0.0, "train/mask_bce_loss": 0.06885283216834068, "train/mask_dice_loss": 0.09543231129646301, "train/mask_loss": 0.164285147190094, "metrics/total_secs_per_batch": 11.096968650817871, "metrics/data_secs_per_batch": 5.011747217178344, "_timestamp": 1743807471.41081, "_runtime": 279.5786039829254, "_step": 13, "train/lr": 3.9e-05}