{"train/loss": 0.3712230294942856, "train/ce_loss": 0.0090118408203125, "train/seg_cls_loss": 9.922018762154039e-11, "train/kl_loss": 0.0, "train/mask_bce_loss": 0.004967700014822185, "train/mask_dice_loss": 0.04403393901884556, "train/mask_loss": 0.04900163859128952, "metrics/total_secs_per_batch": 15.855165243148804, "metrics/data_secs_per_batch": 7.063790774345398, "_timestamp": 1747226061.4932199, "_runtime": 212303.2151749134, "_step": 9999, "train/lr": 0.0, "val/giou": 0.679434597492218, "val/ciou": 0.7597222924232483, "val/macro_gIoU": 0.8030427826863484, "val/micro_gIoU": 0.8030427826863484, "val/b_acc": 0.99999999919543, "val/i_acc": 0.15863032807213995, "val/o_acc": 0.9999999999925393, "_wandb": {"runtime": 212306}}