{"train/loss": 0.13423248305916785, "train/ce_loss": 0.04635429382324219, "train/seg_cls_loss": 0.00045146942138671873, "train/kl_loss": 0.0016265869140625, "train/mask_bce_loss": 0.023035154212266207, "train/mask_dice_loss": 0.08171741217374802, "train/mask_loss": 0.10475256443023681, "metrics/total_secs_per_batch": 47.12132215499878, "metrics/data_secs_per_batch": 20.92720901966095, "_timestamp": 1741909487.1531768, "_runtime": 33172.66641879082, "_step": 498, "train/lr": 0.00029462650602409636}