{"train/loss": 1.4167100071907044, "train/ce_loss": 0.33984375, "train/seg_cls_loss": 0.1236328125, "train/kl_loss": 0.0, "train/mask_bce_loss": 0.052487343177199365, "train/mask_dice_loss": 0.09052941128611565, "train/mask_loss": 0.14301675632596017, "metrics/total_secs_per_batch": 11.925100803375244, "metrics/data_secs_per_batch": 5.336356520652771, "_timestamp": 1746030614.3998415, "_runtime": 27215.992256641388, "_step": 1700, "train/lr": 0.0, "_wandb": {"runtime": 27221}}