{"train/loss": 0.2731336722150445, "train/ce_loss": 0.017788538336753847, "train/seg_cls_loss": 8.716238662600517e-05, "train/kl_loss": 0.019281005859375, "train/mask_bce_loss": 0.007469411654165014, "train/mask_dice_loss": 0.02402363036526367, "train/mask_loss": 0.03149304174585268, "metrics/total_secs_per_batch": 67.07742023468018, "metrics/data_secs_per_batch": 31.95790423154831, "_timestamp": 1743239241.5637197, "_runtime": 530245.455922842, "_step": 5410, "train/lr": 0.0002329036144578313}