{"_wandb": {"runtime": 339}, "train/loss": 0.9448048353195191, "train/ce_loss": 0.21865234375, "train/seg_cls_loss": 0.073779296875, "train/kl_loss": 0.0, "train/mask_bce_loss": 0.062261920887976885, "train/mask_dice_loss": 0.05685152933001518, "train/mask_loss": 0.11911345198750496, "metrics/total_secs_per_batch": 20.946800470352173, "metrics/data_secs_per_batch": 12.740324330329894, "_timestamp": 1755645205.200806, "_runtime": 340.0519919395447, "_step": 0}