{"train/loss": 0.24976639375090598, "train/ce_loss": 0.124462890625, "train/seg_cls_loss": 0.098583984375, "train/kl_loss": 0.0, "train/mask_bce_loss": 0.06261757276952266, "train/mask_dice_loss": 0.08308184519410133, "train/mask_loss": 0.14569941610097886, "metrics/total_secs_per_batch": 20.381420373916626, "metrics/data_secs_per_batch": 8.975018334388732, "_timestamp": 1743807781.8282619, "_runtime": 218.88298392295837, "_step": 5, "train/lr": 1.1999999999999999e-05}