{"train/loss": 0.5009161472320557, "train/ce_loss": 0.22529296875, "train/seg_cls_loss": 0.089892578125, "train/kl_loss": 0.00975341796875, "train/mask_bce_loss": 0.03292574782390147, "train/mask_dice_loss": 0.0801104448735714, "train/mask_loss": 0.11303619295358658, "metrics/total_secs_per_batch": 25.82912516593933, "metrics/data_secs_per_batch": 11.403548741340638, "_timestamp": 1741496255.20937, "_runtime": 413.16888093948364, "_step": 9, "train/lr": 2.6999999999999996e-05, "_wandb": {"runtime": 423}}