{"train/loss": 5.141867589950562, "train/ce_loss": 0.50107421875, "train/seg_cls_loss": 0.0143798828125, "train/kl_loss": 0.097802734375, "train/mask_bce_loss": 0.11680991053581238, "train/mask_dice_loss": 0.5377985537052155, "train/mask_loss": 0.6546084642410278, "metrics/total_secs_per_batch": 9.729461908340454, "metrics/data_secs_per_batch": 4.646852970123291, "_timestamp": 1741095319.369271, "_runtime": 20276.76748108864, "_step": 499, "train/lr": 0.00025307228915662645, "_wandb": {"runtime": 21586}}