{"train/loss": 0.08582398304715752, "train/ce_loss": 8.043646812438964e-06, "train/seg_cls_loss": 3.245659172534943e-08, "train/kl_loss": 0.0, "train/mask_bce_loss": 0.007379220746224746, "train/mask_dice_loss": 0.011842905939556659, "train/mask_loss": 0.019222126877866685, "metrics/total_secs_per_batch": 23.426015377044678, "metrics/data_secs_per_batch": 10.934005403518677, "_timestamp": 1745593179.2764797, "_runtime": 983391.2757656574, "_step": 24999, "train/lr": 0.0, "_wandb": {"runtime": 983439}}