{"train/loss": 1.2027316093444824, "train/ce_loss": 0.57783203125, "train/seg_cls_loss": 0.01436767578125, "train/kl_loss": 0.155078125, "train/mask_bce_loss": 0.12595425602048635, "train/mask_dice_loss": 0.555105984210968, "train/mask_loss": 0.6810602426528931, "metrics/total_secs_per_batch": 10.48654055595398, "metrics/data_secs_per_batch": 4.613845014572144, "_timestamp": 1740955656.2047434, "_runtime": 5493.644642353058, "_step": 499, "train/lr": 0.00024502040816326527, "_wandb": {"runtime": 6770}}