{"train/loss": 0.20075006633996964, "train/ce_loss": 0.05494384765625, "train/seg_cls_loss": 0.017376708984375, "train/kl_loss": 0.00205078125, "train/mask_bce_loss": 0.04399063065648079, "train/mask_dice_loss": 0.09604542851448059, "train/mask_loss": 0.1400360606610775, "metrics/total_secs_per_batch": 87.4632773399353, "metrics/data_secs_per_batch": 40.15400469303131, "_timestamp": 1741855751.4151866, "_runtime": 8399.401238679886, "_step": 97, "train/lr": 0.00029993975903614453, "_wandb": {"runtime": 8473}}