{"train/loss": 0.5322352409362793, "train/ce_loss": 0.012725830078125, "train/seg_cls_loss": 1.2674182653427123e-05, "train/kl_loss": 0.0, "train/mask_bce_loss": 0.01038925857283175, "train/mask_dice_loss": 0.06233907379209995, "train/mask_loss": 0.07272833175957202, "metrics/total_secs_per_batch": 21.131277561187744, "metrics/data_secs_per_batch": 9.451717400550843, "_timestamp": 1746667897.6496587, "_runtime": 10927.889165639877, "_step": 499, "train/lr": 0.00015821052631578947, "_wandb": {"runtime": 10931}}