{"_wandb": {"runtime": 148}, "train/loss": 7.212942361831665, "train/ce_loss": 2.87421875, "train/seg_cls_loss": 0.946875, "train/kl_loss": 0.0788330078125, "train/mask_bce_loss": 1.4100475201383234, "train/mask_dice_loss": 0.7358158826828003, "train/mask_loss": 2.145863401889801, "metrics/total_secs_per_batch": 7.929032325744629, "metrics/data_secs_per_batch": 3.6305989742279055, "_timestamp": 1740979999.121344, "_runtime": 147.0546751022339, "_step": 0}