{"train/loss": 1.236406421661377, "train/ce_loss": 0.437890625, "train/seg_cls_loss": 0.0199462890625, "train/kl_loss": 0.22578125, "train/mask_bce_loss": 0.15510759297758342, "train/mask_dice_loss": 0.7305075049400329, "train/mask_loss": 0.8856151044368744, "metrics/total_secs_per_batch": 6.659687519073486, "metrics/data_secs_per_batch": 2.995796251296997, "_timestamp": 1740895145.5708637, "_runtime": 3564.919908761978, "_step": 498, "train/lr": 0.00028920481927710844}