{"train/loss": 0.6198714524507523, "train/ce_loss": 0.26015625, "train/seg_cls_loss": 0.110693359375, "train/kl_loss": 0.012819737195968628, "train/mask_bce_loss": 0.04953197551658377, "train/mask_dice_loss": 0.09919280633330345, "train/mask_loss": 0.1487247847020626, "metrics/total_secs_per_batch": 26.399956226348877, "metrics/data_secs_per_batch": 11.802103853225708, "_timestamp": 1741420296.4452333, "_runtime": 776.686817407608, "_step": 22, "train/lr": 6.9e-05, "_wandb": {"runtime": 783}}