{"train/loss": 0.25921364054083823, "train/ce_loss": 0.1001953125, "train/seg_cls_loss": 0.0021389007568359377, "train/kl_loss": 0.0005596160888671875, "train/mask_bce_loss": 0.01907569426111877, "train/mask_dice_loss": 0.0641281733289361, "train/mask_loss": 0.08320386707782745, "metrics/total_secs_per_batch": 27.48101544380188, "metrics/data_secs_per_batch": 12.467455649375916, "_timestamp": 1741817187.0231333, "_runtime": 14015.810099363327, "_step": 498, "train/lr": 1.9641767068273094e-05}