{"train/loss": 0.30314570665359497, "train/ce_loss": 0.0691162109375, "train/seg_cls_loss": 0.013031005859375, "train/kl_loss": 0.0043365478515625, "train/mask_bce_loss": 0.02844772129319608, "train/mask_dice_loss": 0.08421888425946236, "train/mask_loss": 0.11266660541296006, "metrics/total_secs_per_batch": 27.372931957244873, "metrics/data_secs_per_batch": 10.967322945594788, "_timestamp": 1741807656.136821, "_runtime": 5837.127871990204, "_step": 195, "train/lr": 0.00029863855421686744, "_wandb": {"runtime": 5847}}