{"train/loss": 0.3460072656162083, "train/ce_loss": 0.040362548828125, "train/seg_cls_loss": 0.003057861328125, "train/kl_loss": 0.0080810546875, "train/mask_bce_loss": 0.017781175184063615, "train/mask_dice_loss": 0.06611831029877066, "train/mask_loss": 0.08389948504045605, "metrics/total_secs_per_batch": 28.743754386901855, "metrics/data_secs_per_batch": 12.630744314193725, "_timestamp": 1741595503.8834913, "_runtime": 28161.21768927574, "_step": 499, "train/lr": 0.00028798795180722886, "_wandb": {"runtime": 37155}}