{"train/loss": 0.3605045184493065, "train/ce_loss": 0.2232421875, "train/seg_cls_loss": 0.0955078125, "train/kl_loss": 0.0, "train/mask_bce_loss": 0.06861163564026355, "train/mask_dice_loss": 0.08058667927980423, "train/mask_loss": 0.149198317527771, "metrics/total_secs_per_batch": 18.54310154914856, "metrics/data_secs_per_batch": 9.79799656867981, "_timestamp": 1743810527.1759658, "_runtime": 120.03805685043335, "_step": 0}