{"train/loss": 0.10678330790251493, "train/ce_loss": 0.036962890625, "train/seg_cls_loss": 0.002839326858520508, "train/kl_loss": 0.0, "train/mask_bce_loss": 0.0030839457554975524, "train/mask_dice_loss": 0.007248558197170496, "train/mask_loss": 0.01033250403124839, "metrics/total_secs_per_batch": 26.550087213516235, "metrics/data_secs_per_batch": 12.37036578655243, "_timestamp": 1756305721.3900557, "_runtime": 28548.654834747314, "_step": 999, "train/lr": 0.0, "val/giou": 0.09340342879295349, "val/ciou": 0.09544606506824493, "val/b_acc": 0.06428529181838945, "val/i_acc": 0.17261904739071554, "val/o_acc": 0.9999999999981457, "_wandb": {"runtime": 28681}}