{"train/loss": 0.502521076798439, "train/ce_loss": 0.0108642578125, "train/seg_cls_loss": 0.0003400549292564392, "train/kl_loss": 0.0, "train/mask_bce_loss": 0.007658276963047684, "train/mask_dice_loss": 0.059458304196596146, "train/mask_loss": 0.06711658202111721, "metrics/total_secs_per_batch": 16.105391025543213, "metrics/data_secs_per_batch": 7.260362219810486, "_timestamp": 1747156926.202277, "_runtime": 8304.610033035278, "_step": 499, "train/lr": 0.00018774999999999998, "_wandb": {"runtime": 10952}}