{"train/loss": 0.24482215121388434, "train/ce_loss": 0.0505157470703125, "train/seg_cls_loss": 1.6257399693131448e-08, "train/kl_loss": 0.0, "train/mask_bce_loss": 0.009019962861202657, "train/mask_dice_loss": 0.02938639293424785, "train/mask_loss": 0.03840635600499809, "metrics/total_secs_per_batch": 24.903271675109863, "metrics/data_secs_per_batch": 10.850623416900635, "_timestamp": 1746192873.1210463, "_runtime": 318219.4040412903, "_step": 12499, "train/lr": 0.0, "_wandb": {"runtime": 318265}}