{"train/loss": 8.86025915145874, "train/ce_loss": 2.759765625, "train/seg_cls_loss": 1.034375, "train/kl_loss": 0.07459392547607421, "train/mask_bce_loss": 0.9555317662656307, "train/mask_dice_loss": 0.8997012495994567, "train/mask_loss": 1.8552329897880555, "metrics/total_secs_per_batch": 9.56711745262146, "metrics/data_secs_per_batch": 4.6030738830566404, "_timestamp": 1740982212.657999, "_runtime": 158.61541199684143, "_step": 1, "train/lr": 5.999999999999999e-06}