{"train/loss": 0.2553340345621109, "train/ce_loss": 0.02298583984375, "train/seg_cls_loss": 0.0062164306640625, "train/kl_loss": 0.0139739990234375, "train/mask_bce_loss": 0.031052141077816488, "train/mask_dice_loss": 0.08006702437996864, "train/mask_loss": 0.11111916452646256, "metrics/total_secs_per_batch": 8.287826299667358, "metrics/data_secs_per_batch": 3.6064672470092773, "_timestamp": 1741150566.8728602, "_runtime": 3943.4103832244873, "_step": 498, "train/lr": 0.00029462650602409636, "_wandb": {"runtime": 99442}}