{"train/loss": 0.32971622943878176, "train/ce_loss": 0.0447998046875, "train/seg_cls_loss": 0.020440673828125, "train/kl_loss": 0.0017486572265625, "train/mask_bce_loss": 0.03235619105398655, "train/mask_dice_loss": 0.08922067135572434, "train/mask_loss": 0.12157686203718185, "metrics/total_secs_per_batch": 54.224523067474365, "metrics/data_secs_per_batch": 24.858529591560362, "_timestamp": 1741852815.364715, "_runtime": 4916.186947107315, "_step": 90, "train/lr": 0.000294, "_wandb": {"runtime": 4922}}