{"train/loss": 0.2647400327026844, "train/ce_loss": 0.150537109375, "train/seg_cls_loss": 0.099365234375, "train/kl_loss": 0.0, "train/mask_bce_loss": 0.05703798159956932, "train/mask_dice_loss": 0.07942015007138252, "train/mask_loss": 0.13645812943577768, "metrics/total_secs_per_batch": 19.125701427459717, "metrics/data_secs_per_batch": 8.192148447036743, "_timestamp": 1743808196.764455, "_runtime": 229.74293112754822, "_step": 6, "train/lr": 1.4999999999999999e-05}