{"train/loss": 0.16182990595698357, "train/ce_loss": 0.018782484531402587, "train/seg_cls_loss": 7.165828719735145e-07, "train/kl_loss": 0.0, "train/mask_bce_loss": 0.006140260628308169, "train/mask_dice_loss": 0.03269631452858448, "train/mask_loss": 0.03883657641708851, "metrics/total_secs_per_batch": 28.89561653137207, "metrics/data_secs_per_batch": 13.60535662174225, "_timestamp": 1743906480.767364, "_runtime": 89919.32267713547, "_step": 3518, "train/lr": 0.00025468674698795175, "_wandb": {"runtime": 89923}}