{"train/loss": 0.8228604756097945, "train/ce_loss": 0.08614501414718662, "train/seg_cls_loss": 0.015686034175872863, "train/kl_loss": 0.0, "train/mask_bce_loss": 0.03640766810320574, "train/mask_dice_loss": 0.07905350429453806, "train/mask_loss": 0.11546117537797586, "metrics/total_secs_per_batch": 94.7330926187166, "metrics/data_secs_per_batch": 43.603579272429116, "_timestamp": 1761188297.6416507, "_runtime": 15202.474388599396, "_step": 169, "train/lr": 0.00029794354838709675}