{"train/loss": 0.44403257220983505, "train/ce_loss": 0.0117401123046875, "train/seg_cls_loss": 1.6923877410590648e-09, "train/kl_loss": 0.0, "train/mask_bce_loss": 0.006163268868112937, "train/mask_dice_loss": 0.05249505471438169, "train/mask_loss": 0.05865832343697548, "metrics/total_secs_per_batch": 11.866389036178589, "metrics/data_secs_per_batch": 5.741050863265992, "_timestamp": 1746308004.328439, "_runtime": 237028.04352808, "_step": 19663, "train/lr": 0.0, "_wandb": {"runtime": 237074}}