{"train/loss": NaN, "train/ce_loss": 2.71484375, "train/seg_cls_loss": 0.8578125, "train/kl_loss": NaN, "train/mask_bce_loss": 4.090663990750909, "train/mask_dice_loss": 0.7103559672832489, "train/mask_loss": 4.801019942760467, "metrics/total_secs_per_batch": 8.81069564819336, "metrics/data_secs_per_batch": 3.9131951093673707, "_timestamp": 1740953067.3181357, "_runtime": 897.7293076515198, "_step": 52, "train/lr": 0.00015299999999999998}