{"global_step": 0, "loss_lang": 2.484375, "segm_loss_loss_ce": 16.543338775634766, "segm_loss_loss_bbox": 5.308193206787109, "segm_loss_loss_giou": 3.479041576385498, "segm_loss_loss_mask": 3.3874545097351074, "segm_loss_loss_dice": 8.888550758361816, "segm_loss_loss_ce_0": 17.772384643554688, "segm_loss_loss_bbox_0": 5.4442925453186035, "segm_loss_loss_giou_0": 3.7268638610839844, "segm_loss_loss_boxiou_0": 1.9945791959762573, "segm_loss_loss_mask_0": 3.0805397033691406, "segm_loss_loss_dice_0": 9.11640739440918, "segm_loss_loss_ce_1": 17.95294952392578, "segm_loss_loss_bbox_1": 5.3246355056762695, "segm_loss_loss_giou_1": 3.5300683975219727, "segm_loss_loss_boxiou_1": 2.170379877090454, "segm_loss_loss_mask_1": 3.2787463665008545, "segm_loss_loss_dice_1": 9.277148246765137, "segm_loss_loss_ce_2": 16.863426208496094, "segm_loss_loss_bbox_2": 4.827014923095703, "segm_loss_loss_giou_2": 3.5017476081848145, "segm_loss_loss_boxiou_2": 2.1863484382629395, "segm_loss_loss_mask_2": 3.0860466957092285, "segm_loss_loss_dice_2": 9.355585098266602, "segm_loss_loss_ce_3": 16.570859909057617, "segm_loss_loss_bbox_3": 4.581938743591309, "segm_loss_loss_giou_3": 3.482346773147583, "segm_loss_loss_boxiou_3": 2.1275219917297363, "segm_loss_loss_mask_3": 2.831561326980591, "segm_loss_loss_dice_3": 9.020502090454102, "segm_loss_loss_ce_4": 16.141048431396484, "segm_loss_loss_bbox_4": 5.303528785705566, "segm_loss_loss_giou_4": 3.488938093185425, "segm_loss_loss_boxiou_4": 2.3750758171081543, "segm_loss_loss_mask_4": 3.414947509765625, "segm_loss_loss_dice_4": 8.97676944732666, "segm_loss_loss_bbox_dn": 0.0, "segm_loss_loss_giou_dn": 0.0, "segm_loss_loss_class_dn": 0.0, "segm_loss_loss_bbox_dn_0": 0.0, "segm_loss_loss_giou_dn_0": 0.0, "segm_loss_loss_class_dn_0": 0.0, "segm_loss_loss_bbox_dn_1": 0.0, "segm_loss_loss_giou_dn_1": 0.0, "segm_loss_loss_class_dn_1": 0.0, "segm_loss_loss_bbox_dn_2": 0.0, "segm_loss_loss_giou_dn_2": 0.0, "segm_loss_loss_class_dn_2": 0.0, "segm_loss_loss_bbox_dn_3": 0.0, "segm_loss_loss_giou_dn_3": 0.0, "segm_loss_loss_class_dn_3": 0.0, "segm_loss_loss_bbox_dn_4": 0.0, "segm_loss_loss_giou_dn_4": 0.0, "segm_loss_loss_class_dn_4": 0.0, "segm_loss_loss_ce_enc": 2.3741989135742188, "segm_loss_loss_bbox_enc": 1.338163137435913, "segm_loss_loss_giou_enc": 1.6813730001449585, "segm_loss_total_loss": 243.8046875, "segm_loss_iou_train": 0.005727340932935476, "_timestamp": 1761029732.3778038, "_runtime": 12.860630750656128, "_step": 0, "_wandb": {"runtime": 17}}