{"train/loss": 0.3100108504295349, "train/ce_loss": 0.03590087890625, "train/seg_cls_loss": 6.390037015080452e-08, "train/kl_loss": 0.0, "train/mask_bce_loss": 0.012105861539021134, "train/mask_dice_loss": 0.031233314238488675, "train/mask_loss": 0.04333917610347271, "metrics/total_secs_per_batch": 38.436182737350464, "metrics/data_secs_per_batch": 16.82917366027832, "_timestamp": 1745935520.4611843, "_runtime": 538426.2395441532, "_step": 12499, "train/lr": 0.0, "_wandb": {"runtime": 538475}}