{"train/loss": 1.2506211161613465, "train/ce_loss": 0.2041015625, "train/seg_cls_loss": 0.02459716796875, "train/kl_loss": 0.168017578125, "train/mask_bce_loss": 0.27665877491235735, "train/mask_dice_loss": 0.7946071088314056, "train/mask_loss": 1.0712659060955048, "metrics/total_secs_per_batch": 9.081349611282349, "metrics/data_secs_per_batch": 4.265919137001037, "_timestamp": 1740960088.6031432, "_runtime": 4743.079815149307, "_step": 499, "train/lr": 0.00024502040816326527, "_wandb": {"runtime": 4743}}