{"global_step": 25, "loss_lang": 0.1962890625, "segm_loss_loss_ce": 4.301664352416992, "segm_loss_loss_bbox": 0.4588823914527893, "segm_loss_loss_giou": 0.845084547996521, "segm_loss_loss_mask": 0.12626700103282928, "segm_loss_loss_dice": 2.7080564498901367, "segm_loss_loss_ce_0": 3.457709312438965, "segm_loss_loss_bbox_0": 0.7364904880523682, "segm_loss_loss_giou_0": 1.4875481128692627, "segm_loss_loss_boxiou_0": 0.6813429594039917, "segm_loss_loss_mask_0": 0.33961009979248047, "segm_loss_loss_dice_0": 3.5953516960144043, "segm_loss_loss_ce_1": 3.3007235527038574, "segm_loss_loss_bbox_1": 0.5049638748168945, "segm_loss_loss_giou_1": 1.094857931137085, "segm_loss_loss_boxiou_1": 0.620384931564331, "segm_loss_loss_mask_1": 0.18168684840202332, "segm_loss_loss_dice_1": 3.201300621032715, "segm_loss_loss_ce_2": 3.5361764430999756, "segm_loss_loss_bbox_2": 0.5197141170501709, "segm_loss_loss_giou_2": 1.0430806875228882, "segm_loss_loss_boxiou_2": 0.6439666152000427, "segm_loss_loss_mask_2": 0.08214835077524185, "segm_loss_loss_dice_2": 2.5788512229919434, "segm_loss_loss_ce_3": 4.378539085388184, "segm_loss_loss_bbox_3": 0.4569495916366577, "segm_loss_loss_giou_3": 0.9353903532028198, "segm_loss_loss_boxiou_3": 0.6104106903076172, "segm_loss_loss_mask_3": 0.09688907861709595, "segm_loss_loss_dice_3": 2.4718329906463623, "segm_loss_loss_ce_4": 4.431334018707275, "segm_loss_loss_bbox_4": 0.5148313045501709, "segm_loss_loss_giou_4": 0.9786826968193054, "segm_loss_loss_boxiou_4": 0.6331045031547546, "segm_loss_loss_mask_4": 0.14510254561901093, "segm_loss_loss_dice_4": 2.8920481204986572, "segm_loss_loss_bbox_dn": 0.0, "segm_loss_loss_giou_dn": 0.0, "segm_loss_loss_class_dn": 0.0, "segm_loss_loss_bbox_dn_0": 0.0, "segm_loss_loss_giou_dn_0": 0.0, "segm_loss_loss_class_dn_0": 0.0, "segm_loss_loss_bbox_dn_1": 0.0, "segm_loss_loss_giou_dn_1": 0.0, "segm_loss_loss_class_dn_1": 0.0, "segm_loss_loss_bbox_dn_2": 0.0, "segm_loss_loss_giou_dn_2": 0.0, "segm_loss_loss_class_dn_2": 0.0, "segm_loss_loss_bbox_dn_3": 0.0, "segm_loss_loss_giou_dn_3": 0.0, "segm_loss_loss_class_dn_3": 0.0, "segm_loss_loss_bbox_dn_4": 0.0, "segm_loss_loss_giou_dn_4": 0.0, "segm_loss_loss_class_dn_4": 0.0, "segm_loss_loss_ce_enc": 1.325312852859497, "segm_loss_loss_bbox_enc": 0.09805476665496826, "segm_loss_loss_giou_enc": 0.19988195598125458, "segm_loss_total_loss": 56.2145881652832, "segm_loss_iou_train": 0.6728213429450989, "_timestamp": 1761113519.3476465, "_runtime": 365.1486554145813, "_step": 110, "train/loss": 91.7865, "train/grad_norm": 320.9333190917969, "train/learning_rate": 1.8e-05, "train/epoch": 0.008338848444738584, "train/global_step": 27}