{"train/loss": 1.3565365016460418, "train/ce_loss": 0.33310546875, "train/seg_cls_loss": 0.062890625, "train/kl_loss": 0.505859375, "train/mask_bce_loss": 0.28768533244729044, "train/mask_dice_loss": 0.8334254205226899, "train/mask_loss": 1.12111074924469, "metrics/total_secs_per_batch": 47.82100582122803, "metrics/data_secs_per_batch": 21.808848214149474, "_timestamp": 1740912458.7940042, "_runtime": 3204.8097372055054, "_step": 70, "train/lr": 0.0002995180722891566, "_wandb": {"runtime": 3229}}