{"train/loss": 1.6737747073173523, "train/ce_loss": 0.368603515625, "train/seg_cls_loss": 0.0326904296875, "train/kl_loss": 0.09111328125, "train/mask_bce_loss": 0.16728204330429436, "train/mask_dice_loss": 0.5901383697986603, "train/mask_loss": 0.7574204087257386, "metrics/total_secs_per_batch": 6.852539777755737, "metrics/data_secs_per_batch": 2.899729037284851, "_timestamp": 1740986180.937129, "_runtime": 3820.4368019104004, "_step": 498, "train/lr": 0.00028920481927710844}