{"train/loss": 0.6011672422289849, "train/ce_loss": 0.02125251293182373, "train/seg_cls_loss": 0.0007262229919433594, "train/kl_loss": 0.0189453125, "train/mask_bce_loss": 0.023588071623817087, "train/mask_dice_loss": 0.06641651205718517, "train/mask_loss": 0.09000458121299744, "metrics/total_secs_per_batch": 15.281355619430542, "metrics/data_secs_per_batch": 6.03199999332428, "_timestamp": 1742259476.951136, "_runtime": 8969.935979127884, "_step": 498, "train/lr": 0.00029462650602409636}