{"train/loss": 0.48059960156679155, "train/ce_loss": 0.20625, "train/seg_cls_loss": 0.087646484375, "train/kl_loss": 0.03363037109375, "train/mask_bce_loss": 0.03639258928596974, "train/mask_dice_loss": 0.07054783552885055, "train/mask_loss": 0.1069404236972332, "metrics/total_secs_per_batch": 21.371493339538574, "metrics/data_secs_per_batch": 9.855255508422852, "_timestamp": 1741499848.0372472, "_runtime": 969.5415711402893, "_step": 39, "train/lr": 0.00012599999999999997}