{"train/loss": 1.1144339442253113, "train/ce_loss": 0.321484375, "train/seg_cls_loss": 0.01368408203125, "train/kl_loss": 0.56640625, "train/mask_bce_loss": 0.20345071218907834, "train/mask_dice_loss": 0.7584243893623352, "train/mask_loss": 0.9618750989437104, "metrics/total_secs_per_batch": 9.48035192489624, "metrics/data_secs_per_batch": 4.155687761306763, "_timestamp": 1740902583.0303283, "_runtime": 13271.421394348145, "_step": 461, "train/lr": 0.00027789795918367345, "_wandb": {"runtime": 13274}}