{"train/loss": 0.8790485978126525, "train/ce_loss": 0.16484375, "train/seg_cls_loss": 0.034619140625, "train/kl_loss": 0.0, "train/mask_bce_loss": 0.04118123650550842, "train/mask_dice_loss": 0.09377060383558274, "train/mask_loss": 0.1349518418312073, "metrics/total_secs_per_batch": 41.94859504699707, "metrics/data_secs_per_batch": 19.931121397018433, "_timestamp": 1743815135.0841022, "_runtime": 2445.096372127533, "_step": 44, "train/lr": 0.00014099999999999998, "_wandb": {"runtime": 2462}}