{"train/loss": 0.8646769165992737, "train/ce_loss": 0.188232421875, "train/seg_cls_loss": 0.10947265625, "train/kl_loss": 0.0, "train/mask_bce_loss": 0.04213354606181383, "train/mask_dice_loss": 0.09338370263576508, "train/mask_loss": 0.1355172485113144, "metrics/total_secs_per_batch": 47.56262922286987, "metrics/data_secs_per_batch": 20.803252267837525, "_timestamp": 1743813308.1969512, "_runtime": 654.6721341609955, "_step": 5, "train/lr": 1.1999999999999999e-05, "_wandb": {"runtime": 698}}