{"train/loss": 0.0632097490131855, "train/ce_loss": 0.0376739501953125, "train/seg_cls_loss": 0.05673828125, "train/kl_loss": 0.0, "train/mask_bce_loss": 0.012773391883820295, "train/mask_dice_loss": 0.0564510315656662, "train/mask_loss": 0.06922442317008973, "metrics/total_secs_per_batch": 9.901478052139282, "metrics/data_secs_per_batch": 4.443102192878723, "_timestamp": 1743806975.7095237, "_runtime": 2384.6595327854156, "_step": 203, "train/lr": 0.0002985301204819277}