{"train/loss": 0.4195007711648941, "train/ce_loss": 0.167578125, "train/seg_cls_loss": 0.06500244140625, "train/kl_loss": 0.0, "train/mask_bce_loss": 0.04943888504058123, "train/mask_dice_loss": 0.08796675205230713, "train/mask_loss": 0.1374056361615658, "metrics/total_secs_per_batch": 26.961223125457764, "metrics/data_secs_per_batch": 11.772265672683716, "_timestamp": 1743565870.894448, "_runtime": 768.7578699588776, "_step": 21, "train/lr": 6.599999999999999e-05}