{"train/loss": 0.4416985273361206, "train/ce_loss": 0.014204263687133789, "train/seg_cls_loss": 1.08608219306916e-08, "train/kl_loss": 0.0, "train/mask_bce_loss": 0.021893503330647945, "train/mask_dice_loss": 0.06395167596638203, "train/mask_loss": 0.08584517873823642, "metrics/total_secs_per_batch": 44.62417387962341, "metrics/data_secs_per_batch": 20.43139045238495, "_timestamp": 1745571312.6446352, "_runtime": 1400574.8247442245, "_step": 23207, "train/lr": 0.0}