{"global_step": 500, "loss_lang": 0.2578125, "segm_loss_loss_ce": 4.738617897033691, "segm_loss_loss_bbox": 0.46487975120544434, "segm_loss_loss_giou": 1.0134167671203613, "segm_loss_loss_mask": 0.17780692875385284, "segm_loss_loss_dice": 3.875688314437866, "segm_loss_loss_ce_0": 4.93104362487793, "segm_loss_loss_bbox_0": 1.0423022508621216, "segm_loss_loss_giou_0": 1.7531309127807617, "segm_loss_loss_boxiou_0": 0.617178738117218, "segm_loss_loss_mask_0": 0.311707079410553, "segm_loss_loss_dice_0": 5.126047611236572, "segm_loss_loss_ce_1": 5.737804889678955, "segm_loss_loss_bbox_1": 0.726547122001648, "segm_loss_loss_giou_1": 1.3979300260543823, "segm_loss_loss_boxiou_1": 0.6021134853363037, "segm_loss_loss_mask_1": 0.2705073356628418, "segm_loss_loss_dice_1": 5.101058483123779, "segm_loss_loss_ce_2": 4.704519271850586, "segm_loss_loss_bbox_2": 0.4930749535560608, "segm_loss_loss_giou_2": 1.0069208145141602, "segm_loss_loss_boxiou_2": 0.6112180352210999, "segm_loss_loss_mask_2": 0.2603175640106201, "segm_loss_loss_dice_2": 4.569934844970703, "segm_loss_loss_ce_3": 4.626276969909668, "segm_loss_loss_bbox_3": 0.49579495191574097, "segm_loss_loss_giou_3": 1.0365869998931885, "segm_loss_loss_boxiou_3": 0.6025354862213135, "segm_loss_loss_mask_3": 0.19064682722091675, "segm_loss_loss_dice_3": 4.152276992797852, "segm_loss_loss_ce_4": 4.691824913024902, "segm_loss_loss_bbox_4": 0.48531726002693176, "segm_loss_loss_giou_4": 1.026823878288269, "segm_loss_loss_boxiou_4": 0.6149000525474548, "segm_loss_loss_mask_4": 0.1783677190542221, "segm_loss_loss_dice_4": 4.095874309539795, "segm_loss_loss_bbox_dn": 0.0, "segm_loss_loss_giou_dn": 0.0, "segm_loss_loss_class_dn": 0.0, "segm_loss_loss_bbox_dn_0": 0.0, "segm_loss_loss_giou_dn_0": 0.0, "segm_loss_loss_class_dn_0": 0.0, "segm_loss_loss_bbox_dn_1": 0.0, "segm_loss_loss_giou_dn_1": 0.0, "segm_loss_loss_class_dn_1": 0.0, "segm_loss_loss_bbox_dn_2": 0.0, "segm_loss_loss_giou_dn_2": 0.0, "segm_loss_loss_class_dn_2": 0.0, "segm_loss_loss_bbox_dn_3": 0.0, "segm_loss_loss_giou_dn_3": 0.0, "segm_loss_loss_class_dn_3": 0.0, "segm_loss_loss_bbox_dn_4": 0.0, "segm_loss_loss_giou_dn_4": 0.0, "segm_loss_loss_class_dn_4": 0.0, "segm_loss_loss_ce_enc": 1.552609920501709, "segm_loss_loss_bbox_enc": 0.15051080286502838, "segm_loss_loss_giou_enc": 0.471045583486557, "segm_loss_total_loss": 73.90553283691406, "segm_loss_iou_train": 0.3406814634799957, "_timestamp": 1761043997.4272773, "_runtime": 10573.11607837677, "_step": 1916, "train/loss": 60.7682, "train/grad_norm": 199.5851593017578, "train/learning_rate": 1.0485622221144485e-05, "train/epoch": 0.1544231193470108, "train/global_step": 500, "eval/P@0.5_round0": 0.4746589271259048, "eval/mIoU_round0": 0.3881689016410731, "eval/oIoU_round0": 0.4600727468859838, "eval/P@0.5_round1": 0.3601269600130205, "eval/mIoU_round1": 0.2848627341821346, "eval/oIoU_round1": 0.3225311240959522, "eval/P@0.5_round2": 0.32977105869064544, "eval/mIoU_round2": 0.26288024486056244, "eval/oIoU_round2": 0.2849172760988437, "eval/P@0.5_round3": 0.2786102541501375, "eval/mIoU_round3": 0.240267174559505, "eval/oIoU_round3": 0.30704080259883687, "eval/P@0.5_round4": 0.22660364618500706, "eval/mIoU_round4": 0.21138494415592007, "eval/oIoU_round4": 0.29370424251823135, "eval/P@0.5_round5": 0.17320872274142943, "eval/mIoU_round5": 0.17011071004104658, "eval/oIoU_round5": 0.13591080758487545, "eval/P@0.5_round6": 0.17570093457943378, "eval/mIoU_round6": 0.1673626100534167, "eval/oIoU_round6": 0.14481488429841138, "eval/P@0.5_round7": 0.21960240406841333, "eval/mIoU_round7": 0.19930084976287074, "eval/oIoU_round7": 0.21492614923808478, "eval/P@0.5_round8": 0.16916167664669393, "eval/mIoU_round8": 0.15729142091944082, "eval/oIoU_round8": 0.282976865594058, "eval/P@0.5_round9": 0.2810734463276439, "eval/mIoU_round9": 0.2255777962463405, "eval/oIoU_round9": 0.36640950475720285, "eval/P@0.5_round10": 0.33737864077661717, "eval/mIoU_round10": 0.27634482707785407, "eval/oIoU_round10": 0.4988157230369099, "eval/P@0.5_round11": 0.3018018018016659, "eval/mIoU_round11": 0.2614992072989171, "eval/oIoU_round11": 0.4639679427355978, "eval/P@0.5_round12": 0.1809523809522086, "eval/mIoU_round12": 0.2105625470477324, "eval/oIoU_round12": 0.2603932334580495, "eval/P@0.5_round13": 0.1206896551722057, "eval/mIoU_round13": 0.17994963300608158, "eval/oIoU_round13": 0.21608153039757802, "eval/P@0.5_round14": 0.1388888888885031, "eval/mIoU_round14": 0.13853027133439577, "eval/oIoU_round14": 0.11679148751696392, "eval/P@0.5_round15": 0.10526315789418283, "eval/mIoU_round15": 0.08869696754291706, "eval/oIoU_round15": 0.07885964098031517, "eval/P@0.5_round16": 0.0, "eval/mIoU_round16": 0.03222942228091721, "eval/oIoU_round16": 0.05637095958579471}