{"train/loss": NaN, "train/ce_loss": 0.2197265625, "train/seg_cls_loss": NaN, "train/kl_loss": NaN, "train/mask_bce_loss": NaN, "train/mask_dice_loss": NaN, "train/mask_loss": NaN, "metrics/total_secs_per_batch": 48.72165250778198, "metrics/data_secs_per_batch": 19.407100319862366, "_timestamp": 1742534696.2181919, "_runtime": 1765.9317998886108, "_step": 23, "train/lr": 6.599999999999999e-05}