{"train/loss": 0.6066664397716522, "train/ce_loss": 0.0686767578125, "train/seg_cls_loss": 0.00382232666015625, "train/kl_loss": 0.0, "train/mask_bce_loss": 0.03148570880293846, "train/mask_dice_loss": 0.058411095291376114, "train/mask_loss": 0.08989680334925651, "metrics/total_secs_per_batch": 164.71723318099976, "metrics/data_secs_per_batch": 72.43740601539612, "_timestamp": 1746815893.6452448, "_runtime": 51989.08618593216, "_step": 397, "train/lr": 0.0002918951612903226}