{"train/loss": 0.86175736784935, "train/ce_loss": 0.22451171875, "train/seg_cls_loss": 0.0099853515625, "train/kl_loss": 8.06748867034912e-06, "train/mask_bce_loss": 0.0411596167832613, "train/mask_dice_loss": 0.09081781581044197, "train/mask_loss": 0.13197743371129037, "metrics/total_secs_per_batch": 27.056033611297607, "metrics/data_secs_per_batch": 12.231987190246581, "_timestamp": 1741805222.1735418, "_runtime": 3028.2922127246857, "_step": 103, "train/lr": 1.9990361445783134e-05, "_wandb": {"runtime": 3034}}