{"train/loss": 0.5587755471467972, "train/ce_loss": 0.0202392578125, "train/seg_cls_loss": 7.50124454498291e-06, "train/kl_loss": 0.0, "train/mask_bce_loss": 0.008654765062965452, "train/mask_dice_loss": 0.06515212543308735, "train/mask_loss": 0.07380688972771168, "metrics/total_secs_per_batch": 20.852301597595215, "metrics/data_secs_per_batch": 9.638238191604614, "_timestamp": 1746696100.371822, "_runtime": 11222.32557606697, "_step": 499, "train/lr": 1.0547368421052633e-05, "val/giou": 0.5642707347869873, "val/ciou": 0.664990246295929, "val/b_acc": 0.99999999919543, "val/i_acc": 0.15723270403626205, "val/o_acc": 0.9999999999925393, "_wandb": {"runtime": 11221}}