{"train/loss": 0.4630109578371048, "train/ce_loss": 0.0432464599609375, "train/seg_cls_loss": 0.00542144775390625, "train/kl_loss": 0.0050628662109375, "train/mask_bce_loss": 0.027851730585098267, "train/mask_dice_loss": 0.08703683391213417, "train/mask_loss": 0.11488856375217438, "metrics/total_secs_per_batch": 35.61198663711548, "metrics/data_secs_per_batch": 15.909635591506959, "_timestamp": 1741880639.8841174, "_runtime": 5266.632601261139, "_step": 147, "train/lr": 0.00029927710843373495, "_wandb": {"runtime": 5275}}