{"train/loss": 0.4352145314216614, "train/ce_loss": 0.04482421875, "train/seg_cls_loss": 0.0002128906548023224, "train/kl_loss": 0.0, "train/mask_bce_loss": 0.022493083076551557, "train/mask_dice_loss": 0.057502254657447335, "train/mask_loss": 0.07999533675611019, "metrics/total_secs_per_batch": 48.543646574020386, "metrics/data_secs_per_batch": 20.738610887527464, "_timestamp": 1745776938.2317352, "_runtime": 54524.119455337524, "_step": 879, "train/lr": 0.0002790725806451613, "_wandb": {"runtime": 54566}}