{"train/loss": 2.5243798017501833, "train/ce_loss": 0.38798828125, "train/seg_cls_loss": 0.0260986328125, "train/kl_loss": 0.0974853515625, "train/mask_bce_loss": 0.17110044434666632, "train/mask_dice_loss": 0.7932379066944122, "train/mask_loss": 0.9643383383750915, "metrics/total_secs_per_batch": 9.022422313690186, "metrics/data_secs_per_batch": 4.537525010108948, "_timestamp": 1740970917.2117054, "_runtime": 1887.0404813289642, "_step": 179, "train/lr": 0.00028420408163265303, "_wandb": {"runtime": 1893}}