{"global_step": 0, "loss_lang": 2.1875, "segm_loss_loss_ce": 14.056093215942383, "segm_loss_loss_bbox": 5.218033790588379, "segm_loss_loss_giou": 3.386307716369629, "segm_loss_loss_mask": 3.0983729362487793, "segm_loss_loss_dice": 9.71377182006836, "segm_loss_loss_ce_0": 15.599135398864746, "segm_loss_loss_bbox_0": 7.042691707611084, "segm_loss_loss_giou_0": 3.930558681488037, "segm_loss_loss_boxiou_0": 1.6975314617156982, "segm_loss_loss_mask_0": 2.82089900970459, "segm_loss_loss_dice_0": 9.892467498779297, "segm_loss_loss_ce_1": 16.59603500366211, "segm_loss_loss_bbox_1": 4.871264934539795, "segm_loss_loss_giou_1": 3.5638065338134766, "segm_loss_loss_boxiou_1": 1.6113189458847046, "segm_loss_loss_mask_1": 2.1961565017700195, "segm_loss_loss_dice_1": 9.55980110168457, "segm_loss_loss_ce_2": 14.727685928344727, "segm_loss_loss_bbox_2": 5.240553855895996, "segm_loss_loss_giou_2": 3.417583465576172, "segm_loss_loss_boxiou_2": 2.09152889251709, "segm_loss_loss_mask_2": 2.9172987937927246, "segm_loss_loss_dice_2": 9.686090469360352, "segm_loss_loss_ce_3": 14.992234230041504, "segm_loss_loss_bbox_3": 5.028469085693359, "segm_loss_loss_giou_3": 3.396475076675415, "segm_loss_loss_boxiou_3": 1.9983642101287842, "segm_loss_loss_mask_3": 2.5932726860046387, "segm_loss_loss_dice_3": 9.676131248474121, "segm_loss_loss_ce_4": 13.820223808288574, "segm_loss_loss_bbox_4": 5.56339168548584, "segm_loss_loss_giou_4": 3.385199546813965, "segm_loss_loss_boxiou_4": 2.5725810527801514, "segm_loss_loss_mask_4": 3.650377035140991, "segm_loss_loss_dice_4": 9.68454360961914, "segm_loss_loss_bbox_dn": 0.0, "segm_loss_loss_giou_dn": 0.0, "segm_loss_loss_class_dn": 0.0, "segm_loss_loss_bbox_dn_0": 0.0, "segm_loss_loss_giou_dn_0": 0.0, "segm_loss_loss_class_dn_0": 0.0, "segm_loss_loss_bbox_dn_1": 0.0, "segm_loss_loss_giou_dn_1": 0.0, "segm_loss_loss_class_dn_1": 0.0, "segm_loss_loss_bbox_dn_2": 0.0, "segm_loss_loss_giou_dn_2": 0.0, "segm_loss_loss_class_dn_2": 0.0, "segm_loss_loss_bbox_dn_3": 0.0, "segm_loss_loss_giou_dn_3": 0.0, "segm_loss_loss_class_dn_3": 0.0, "segm_loss_loss_bbox_dn_4": 0.0, "segm_loss_loss_giou_dn_4": 0.0, "segm_loss_loss_class_dn_4": 0.0, "segm_loss_loss_ce_enc": 2.911806583404541, "segm_loss_loss_bbox_enc": 0.6826440095901489, "segm_loss_loss_giou_enc": 2.0256659984588623, "segm_loss_total_loss": 234.91651916503906, "segm_loss_iou_train": 0.0034462015610188246, "_timestamp": 1761030369.826563, "_runtime": 11.511851787567139, "_step": 0, "_wandb": {"runtime": 15}}