{"train/loss": 0.2501742303371429, "train/ce_loss": 0.152783203125, "train/seg_cls_loss": 0.097607421875, "train/kl_loss": 0.0, "train/mask_bce_loss": 0.04858320876955986, "train/mask_dice_loss": 0.08439279645681382, "train/mask_loss": 0.13297600522637368, "metrics/total_secs_per_batch": 18.524121046066284, "metrics/data_secs_per_batch": 7.7866541862487795, "_timestamp": 1743811010.9401515, "_runtime": 420.95095038414, "_step": 1000, "train/lr": 2.9999999999999997e-06}