{"train/loss": 0.3978680968284607, "train/ce_loss": 0.030556488037109374, "train/seg_cls_loss": 0.001926422119140625, "train/kl_loss": 0.01207275390625, "train/mask_bce_loss": 0.018611784931272267, "train/mask_dice_loss": 0.08155761770904064, "train/mask_loss": 0.10016940310597419, "metrics/total_secs_per_batch": 50.560182332992554, "metrics/data_secs_per_batch": 22.577910923957823, "_timestamp": 1741997291.044401, "_runtime": 10699.118782043457, "_step": 225, "train/lr": 0.00029824096385542165, "_wandb": {"runtime": 10722}}