{"train/loss": 0.0975474551320076, "train/ce_loss": 0.01024213507771492, "train/seg_cls_loss": 3.71803849702701e-05, "train/kl_loss": 0.025469970703125, "train/mask_bce_loss": 0.0032831867982167752, "train/mask_dice_loss": 0.020166893536224962, "train/mask_loss": 0.023450080025941133, "metrics/total_secs_per_batch": 53.383201122283936, "metrics/data_secs_per_batch": 23.68392140865326, "_timestamp": 1743302243.6352386, "_runtime": 968384.3898537159, "_step": 16998, "train/lr": 0.0002949036144578313}