{"train/loss": 1.040651597082615, "train/ce_loss": 0.18154296875, "train/seg_cls_loss": 0.080419921875, "train/kl_loss": 0.0, "train/mask_bce_loss": 0.038677670806646344, "train/mask_dice_loss": 0.06515749916434288, "train/mask_loss": 0.10383517071604728, "metrics/total_secs_per_batch": 12.306819200515747, "metrics/data_secs_per_batch": 5.0322002410888675, "_timestamp": 1742881676.5921514, "_runtime": 256.3957724571228, "_step": 1, "train/lr": 0.0}