{"train/loss": 0.261326402425766, "train/ce_loss": 0.061181640625, "train/seg_cls_loss": 0.0011810302734375, "train/kl_loss": 0.020458984375, "train/mask_bce_loss": 0.02096029492095113, "train/mask_dice_loss": 0.07881911918520927, "train/mask_loss": 0.09977941513061524, "metrics/total_secs_per_batch": 73.10093212127686, "metrics/data_secs_per_batch": 32.71746366024017, "_timestamp": 1741786683.2899537, "_runtime": 37228.70969367027, "_step": 498, "train/lr": 0.00029462650602409636}