{"_wandb": {"runtime": 6440}, "train/loss": 0.8476534754037857, "train/ce_loss": 0.21845703125, "train/seg_cls_loss": 0.07001953125, "train/kl_loss": 0.0, "train/mask_bce_loss": 0.02853749649366364, "train/mask_dice_loss": 0.05409574955701828, "train/mask_loss": 0.08263324499130249, "metrics/total_secs_per_batch": 27.229198455810547, "metrics/data_secs_per_batch": 13.72682340145111, "_timestamp": 1755717429.8140988, "_runtime": 296.1594307422638, "_step": 0}