{"train/loss": 0.5369716256856918, "train/ce_loss": 0.01600341796875, "train/seg_cls_loss": 6.932346150279045e-06, "train/kl_loss": 0.0, "train/mask_bce_loss": 0.006704167800489813, "train/mask_dice_loss": 0.06344101652503013, "train/mask_loss": 0.07014518529176712, "metrics/total_secs_per_batch": 20.27381658554077, "metrics/data_secs_per_batch": 9.302702903747559, "_timestamp": 1746724065.319974, "_runtime": 43935.81771492958, "_step": 1999, "train/lr": 0.0, "val/giou": 0.5807295441627502, "val/ciou": 0.668891429901123, "val/b_acc": 0.99999999919543, "val/i_acc": 0.15863032807213995, "val/o_acc": 0.9999999999925393, "_wandb": {"runtime": 43938}}