{"train/loss": 0.6069657612904987, "train/ce_loss": 0.061370847691536015, "train/seg_cls_loss": 0.000814175580330939, "train/kl_loss": 0.0, "train/mask_bce_loss": 0.021084155973543527, "train/mask_dice_loss": 0.06272370619265519, "train/mask_loss": 0.08380785918596656, "metrics/total_secs_per_batch": 92.9391978888217, "metrics/data_secs_per_batch": 41.07016795511426, "_timestamp": 1761364843.5042558, "_runtime": 38704.141095876694, "_step": 411, "train/lr": 0.000291508064516129}