{"train/loss": 0.2112704649567604, "train/ce_loss": 0.04317626953125, "train/seg_cls_loss": 0.0034210205078125, "train/kl_loss": 0.013232421875, "train/mask_bce_loss": 0.03295059772208333, "train/mask_dice_loss": 0.09388489425182342, "train/mask_loss": 0.12683549150824547, "metrics/total_secs_per_batch": 29.27992010116577, "metrics/data_secs_per_batch": 13.148138642311096, "_timestamp": 1741538703.7764254, "_runtime": 8711.50130033493, "_step": 305, "train/lr": 0.00029718072289156624, "_wandb": {"runtime": 8730}}