{"train/loss": 0.7864196538925171, "train/ce_loss": 0.22763671875, "train/seg_cls_loss": 0.0538330078125, "train/kl_loss": 7.563829421997071e-06, "train/mask_bce_loss": 0.02806400575209409, "train/mask_dice_loss": 0.09886197447776794, "train/mask_loss": 0.1269259788095951, "metrics/total_secs_per_batch": 21.7193443775177, "metrics/data_secs_per_batch": 9.933262157440186, "_timestamp": 1743402507.7986112, "_runtime": 1254.7577521800995, "_step": 20, "train/lr": 6.299999999999999e-05}