{"train/loss": 0.4733091086149216, "train/ce_loss": 0.0114044189453125, "train/seg_cls_loss": 4.387111403048039e-08, "train/kl_loss": 0.0, "train/mask_bce_loss": 0.005743889790028334, "train/mask_dice_loss": 0.05630218982696533, "train/mask_loss": 0.062046080455183984, "metrics/total_secs_per_batch": 19.942777395248413, "metrics/data_secs_per_batch": 8.99127824306488, "_timestamp": 1746725537.1152172, "_runtime": 45446.03419923782, "_step": 1999, "train/lr": 0.0, "val/giou": 0.6245936155319214, "val/ciou": 0.7086910605430603, "val/b_acc": 0.99999999919543, "val/i_acc": 0.15863032807213995, "val/o_acc": 0.9999999999925393, "_wandb": {"runtime": 45448}}