{"train/loss": 0.30803427994251253, "train/ce_loss": 0.06416015625, "train/seg_cls_loss": 0.0044281005859375, "train/kl_loss": 0.0087890625, "train/mask_bce_loss": 0.02591317896731198, "train/mask_dice_loss": 0.09160981625318527, "train/mask_loss": 0.11752299666404724, "metrics/total_secs_per_batch": 35.86179757118225, "metrics/data_secs_per_batch": 15.76454267501831, "_timestamp": 1741937808.5783422, "_runtime": 5291.947571277618, "_step": 143, "train/lr": 0.00029932530120481925, "_wandb": {"runtime": 5312}}