{"train/loss": 0.893214875459671, "train/ce_loss": 0.2629150390625, "train/seg_cls_loss": 0.0071807861328125, "train/kl_loss": 0.2119140625, "train/mask_bce_loss": 0.1112753052264452, "train/mask_dice_loss": 0.5965531766414642, "train/mask_loss": 0.7078284800052643, "metrics/total_secs_per_batch": 6.136712074279785, "metrics/data_secs_per_batch": 2.8309499740600588, "_timestamp": 1740981224.937266, "_runtime": 73258.44733405113, "_step": 499, "train/lr": 6.049397590361445e-05, "_wandb": {"runtime": 73268}}