{"train/loss": 0.29976322054862975, "train/ce_loss": 0.085791015625, "train/seg_cls_loss": 0.06376953125, "train/kl_loss": 0.00261077880859375, "train/mask_bce_loss": 0.022854649648070335, "train/mask_dice_loss": 0.06749570816755295, "train/mask_loss": 0.09035036116838455, "metrics/total_secs_per_batch": 31.038385152816772, "metrics/data_secs_per_batch": 13.85199134349823, "_timestamp": 1741503232.584711, "_runtime": 3757.2436289787292, "_step": 127, "train/lr": 0.0002995421686746988}