{"train/loss": 0.5200467795133591, "train/ce_loss": 0.18310546875, "train/seg_cls_loss": 0.02850341796875, "train/kl_loss": 8.034706115722657e-06, "train/mask_bce_loss": 0.04437230248004198, "train/mask_dice_loss": 0.0956120327115059, "train/mask_loss": 0.13998433500528334, "metrics/total_secs_per_batch": 30.47193694114685, "metrics/data_secs_per_batch": 13.42031364440918, "_timestamp": 1741849096.1098518, "_runtime": 2570.461749792099, "_step": 85, "train/lr": 1.8400000000000003e-05, "_wandb": {"runtime": 2579}}