{"train/loss": 0.29591195173561574, "train/ce_loss": 0.02678256034851074, "train/seg_cls_loss": 5.987584590911865e-05, "train/kl_loss": 0.0, "train/mask_bce_loss": 0.01577155289705843, "train/mask_dice_loss": 0.03957633664831519, "train/mask_loss": 0.055347890499979256, "metrics/total_secs_per_batch": 69.70804643630981, "metrics/data_secs_per_batch": 27.24280438423157, "_timestamp": 1745091270.094164, "_runtime": 139336.67681598663, "_step": 1102, "train/lr": 0.0002866385542168674, "_wandb": {"runtime": 139358}}